icd11	icd10
1A00	A00.9
1A01	A04
1A02	A03.9
1A03	A04
1A03.0	A04.0
1A03.1	A04.1
1A03.2	A04.2
1A03.3	A04.3
1A03.Y	A04.8
1A03.Z	A04
1A04	A04.7
1A05	A04.6
1A06	A04.5
1A07	A01.0
1A07.0	A01.0
1A07.Y	A01.0
1A07.Z	A01.0
1A08	A01
1A09	A02.8
1A09.0	A02.0
1A09.Y	A02.8
1A09.Z	A02.8
1A0Y	A04.9
1A0Z	A04.9
1A10	A05.0
1A11	A05.1
1A11.0	A05.1
1A11.1	A05.1
1A11.Z	A05.1
1A12	A05.2
1A13	A05.4
1A1Y	A05.9
1A1Z	A05.9
1A20	A08.2
1A21	A08.3
1A22	A08.0
1A23	A08.1
1A24	A08.5
1A2Y	A08
1A2Z	A08
1A30	A07.0
1A31	A07.1
1A32	A07.2
1A33	A07.3
1A33.0	A07.3
1A33.1	A07.3
1A33.Y	A07.3
1A33.Z	A07.3
1A34	A07.8
1A35	A07.8
1A36	A06.9
1A36.0	A07.8
1A36.00	A06.0
1A36.01	A06.3
1A36.0Y	A07.8
1A36.0Z	A07.8
1A36.1	A06.9
1A36.10	A06.4
1A36.11	A06.5
1A36.12	A06.7
1A36.1Y	A06.9
1A36.Z	A06.9
1A3Y	A07.9
1A3Z	A07.9
1A40	A09
1A40.0	A09.9
1A40.Z	A09
1A60	A50
1A60.0	A50.0
1A60.1	A50.1
1A60.2	A50.3
1A60.3	A50.4
1A60.4	A50
1A60.5	A50.6
1A60.Z	A50
1A61	A51
1A61.0	A51.0
1A61.1	A51.1
1A61.2	A51.2
1A61.3	A51.3
1A61.4	A51.4
1A61.5	A51.5
1A61.Y	A51
1A61.Z	A51
1A62	A52
1A62.0	A52
1A62.00	A52.2
1A62.01	A52.1
1A62.0Z	A52
1A62.1	A52.0
1A62.2	A52.7
1A62.20	A52.7
1A62.21	A52.7
1A62.22	A52.7
1A62.2Y	A52.7
1A62.2Z	A52.7
1A62.Y	A52.8
1A62.Z	A52
1A63	A53.0
1A70	A54
1A70.0	A54.0
1A70.00	A54.0
1A70.0Y	A54.0
1A70.0Z	A54.0
1A70.1	A54.1
1A70.Y	A54
1A70.Z	A54
1A71	A54
1A72	A54
1A72.0	A54.4
1A72.1	A54.6
1A72.2	A54.6
1A72.3	A54.5
1A72.4	A54.3
1A72.Y	A54
1A73	A54
1A7Z	A54
1A80	A55
1A81	A56
1A81.0	A56.0
1A81.1	A56.1
1A81.Y	A56.8
1A81.Z	A56
1A90	A57
1A91	A58
1A92	A59
1A93	A63.8
1A94	A60
1A94.0	A60.0
1A94.1	A60.1
1A94.Z	A60
1A95	A63.0
1A95.0	A63.0
1A95.1	A63.0
1A95.2	A63.0
1A95.Z	A63.0
1B10	A16
1B10.0	A15
1B10.1	A16
1B10.Z	A16
1B11	A17.9
1B11.0	A17.0
1B11.1	A17.8
1B11.2	A17.1
1B11.3	A17.9
1B11.Y	A17.9
1B11.Z	A17.9
1B12	A18
1B12.0	A18
1B12.1	A18.5
1B12.2	A18.6
1B12.3	A18
1B12.4	A18
1B12.40	M90.0
1B12.41	A18
1B12.4Y	A18
1B12.4Z	A18
1B12.5	A18.1
1B12.6	A18.2
1B12.7	K93.0
1B12.8	A18.4
1B12.Y	A18.8
1B13	A19
1B13.0	A19.0
1B13.1	A19.1
1B13.2	A19
1B13.Y	A19.8
1B13.Z	A19
1B14	Z22.7
1B20	A30
1B20.0	A30
1B20.1	A30
1B20.2	A30
1B20.20	A30
1B20.21	A30
1B20.3	A30
1B20.Z	A30
1B21	A31
1B21.0	A31.0
1B21.1	A31
1B21.2	A31
1B21.20	A31
1B21.2Y	A31
1B21.2Z	A31
1B21.3	A31
1B21.4	A31
1B21.Y	A31.8
1B21.Z	A31
1B40	I00
1B40.0	I00
1B40.Y	I00
1B40.Z	I00
1B41	I01
1B41.0	I01.0
1B41.1	I01.1
1B41.10	I01.1
1B41.1Y	I01.1
1B41.1Z	I01.1
1B41.2	I01.2
1B41.Y	I01.8
1B41.Z	I01
1B42	I02
1B50	A38
1B51	J02.0
1B53	G00.2
1B54	G00.3
1B70.0	A46
1B70.00	A46
1B70.01	A46
1B70.02	A46
1B70.0Y	A46
1B70.0Z	A46
1B70.1	L03
1B70.2	L03
1B71	M72.6
1B71.0	M72.6
1B71.1	M72.6
1B71.2	M72.6
1B71.Y	M72.6
1B71.Z	M72.6
1B72	L01
1B72.0	L01
1B72.1	L01
1B72.2	L01.1
1B72.Y	L01
1B72.Z	L01
1B73	B08.0
1B73.0	B08.0
1B73.1	B08.0
1B73.2	B08.0
1B73.Y	B08.0
1B73.Z	B08.0
1B75.0	L02
1B75.1	L02
1B75.2	L02
1B75.3	L02
1B90	A25
1B90.0	A25.0
1B90.1	A25.1
1B91	A27
1B92	A24.0
1B93	A20
1B93.0	A20.0
1B93.1	A20.1
1B93.2	A20.2
1B93.3	A20.3
1B93.Y	A20.8
1B93.Z	A20
1B94	A21
1B94.0	A21.0
1B94.Y	A21.8
1B94.Z	A21
1B95	A23
1B96	A26
1B97	A22
1B98	A28.1
1B99	A28.0
1B9A	A28.2
1B9Z	A28.8
1C10	A42
1C10.0	A42.0
1C10.1	A42.1
1C10.2	A42.2
1C10.3	A42
1C10.Y	A42.8
1C10.Z	A42
1C11	A44
1C11.0	A44
1C11.00	A44.0
1C11.01	A44.1
1C11.1	A79.0
1C11.Y	A44.8
1C11.Z	A44
1C12	A37
1C12.0	A37.0
1C12.1	A37.1
1C12.Y	A37.8
1C12.Z	A37
1C13	A35
1C14	A34
1C15	A33
1C16	A48.0
1C17	A36
1C17.0	A36.0
1C17.00	A36.0
1C17.0Y	A36.0
1C17.0Z	A36.0
1C17.1	A36.1
1C17.2	A36.2
1C17.3	A36.3
1C17.Y	A36.8
1C17.Z	A36
1C18	A48.4
1C19	A48.1
1C19.0	A48.2
1C19.1	A48.1
1C19.Z	A48.1
1C1A	A32
1C1A.0	A32.0
1C1A.1	A32.1
1C1A.Y	A32.8
1C1A.Z	A32
1C1B	A43
1C1B.0	A43.0
1C1B.1	A43.1
1C1B.Y	A43.8
1C1B.Z	A43
1C1C	A39
1C1C.0	A39.0
1C1C.1	A39.1
1C1C.2	A39
1C1C.20	A39.2
1C1C.2Y	A39
1C1C.2Z	A39
1C1C.Y	A39.8
1C1C.Z	A39
1C1D	A66.9
1C1D.0	A66.0
1C1D.1	A66.7
1C1D.2	A66.9
1C1D.3	A66.8
1C1D.Z	A66.9
1C1E	A67.9
1C1E.0	A67.0
1C1E.1	A67.1
1C1E.2	A67.2
1C1E.3	A67.3
1C1E.Z	A67.9
1C1F	A65
1C1G	A69.2
1C1G.0	A69.2
1C1G.1	A69.2
1C1G.10	A69.2
1C1G.11	A69.2
1C1G.12	A69.2
1C1G.13	M01.2
1C1G.14	A69.2
1C1G.1Y	A69.2
1C1G.1Z	A69.2
1C1G.Y	A69.2
1C1G.Z	A69.2
1C1H	A69.0
1C1H.0	A69.0
1C1H.Y	A69.0
1C1H.Z	A69.0
1C1J	A68.9
1C1J.0	A68.1
1C1J.1	A68.0
1C1J.Z	A68.9
1C20	A74.0
1C21	K67.0
1C22	A70
1C23	A71
1C23.0	A71.0
1C23.1	A71.1
1C23.Y	A71
1C23.Z	A71
1C2Y	A74.9
1C2Z	A74.9
1C30	A75.9
1C30.0	A75.0
1C30.1	A75.1
1C30.2	A75.2
1C30.3	A75.3
1C30.Y	A75.9
1C30.Z	A75.9
1C31	A77.9
1C31.0	A77.0
1C31.1	A77.1
1C31.2	A77.2
1C31.3	A77.3
1C31.Y	A77.9
1C31.Z	A77.9
1C32	A79.1
1C33	A78
1C3Y	A79.8
1C3Z	A79
1C40	B96.8
1C41	A49
1C42	A24
1C43	B47.1
1C44	L08.8
1C45	A48.3
1C45.0	A48.3
1C45.1	A48.3
1C45.Y	A48.3
1C45.Z	A48.3
1C4Y	B96.8
1C4Z	B96.8
1C60	B23.8
1C60.0	B23.8
1C60.1	B23.8
1C60.2	B23.8
1C60.3	B22.7
1C60.30	B22.7
1C60.3Y	B22.7
1C60.3Z	B22.7
1C60.Z	B23.8
1C61	B23.8
1C61.0	B23.8
1C61.1	B23.8
1C61.2	B23.8
1C61.3	B22.7
1C61.30	B22.7
1C61.3Y	B22.7
1C61.3Z	B22.7
1C61.Z	B23.8
1C62	B23.8
1C62.0	B23.8
1C62.1	B23.8
1C62.2	B23.8
1C62.3	B22.7
1C62.30	B22.7
1C62.3Y	B22.7
1C62.3Z	B22.7
1C62.Z	B23.8
1C81	A80.9
1C82	A82.9
1C83	A83.1
1C84	A83.2
1C85	A83.0
1C86	A83.3
1C87	A83.6
1C88	A83.4
1C8B	A83.5
1C8C	A92.2
1C8D	A83.5
1C8E	G02.0
1C8E.1	A87.0
1C8E.2	A87.1
1C8E.Y	G02.0
1C8E.Z	G02.0
1C8F	A87.2
1C8G	A84.9
1C8G.0	A84.0
1C8G.1	A84.1
1C8G.2	A84.9
1C8G.Z	A84.9
1D00	G04
1D00.0	G04.2
1D00.1	G04
1D00.2	G04
1D00.Y	G04.8
1D00.Z	G04
1D01.0	G00
1D01.00	G00.0
1D01.0Y	G00.8
1D01.0Z	G00
1D01.1	G02.1
1D01.3	G03.2
1D02	G04
1D02.0	G04.2
1D02.2	G04
1D02.3	G04
1D02.Y	G04.8
1D02.Z	G04
1D03.3	G06.0
1D03.30	G06.0
1D03.31	G06.0
1D03.32	G06.0
1D03.33	G06.0
1D03.3Y	G06.0
1D03.3Z	G06.0
1D04.1	G06.0
1D04.10	G06.0
1D04.1Y	G06.0
1D04.1Z	G06.0
1D20	A97.0
1D21	A97.1
1D22	A97.2
1D2Z	A97
1D40	A92.0
1D41	A93.2
1D42	A92.1
1D43	A93.0
1D44	A92.4
1D45	A93.1
1D46	A92.3
1D47	A95.9
1D48	A92.5
1D49	A98.0
1D4A	A98.1
1D4B	A98.2
1D4D	B33.1
1D60.01	A98.4
1D60.1	A98.3
1D60.10	A98.3
1D60.11	A98.3
1D60.1Y	A98.3
1D60.1Z	A98.3
1D61.0	A96.0
1D61.1	A96.1
1D61.2	A96.2
1D61.3	A96
1D62.0	A98.5
1D62.1	B33.4
1D64	J12.9
1D65	U04
1D80	B26.8
1D80.0	B26.9
1D80.1	B26.0
1D80.2	B26.1
1D80.3	B26.2
1D80.4	B26.3
1D80.Y	B26.8
1D81	B27
1D81.0	B27
1D81.1	B27.1
1D81.Y	B27.8
1D81.Z	B27
1D82	B25
1D82.0	B25.1
1D82.1	B25.2
1D82.Y	B25.8
1D82.Z	B25
1D83	B33.0
1D84	B30.9
1D84.0	B30.1
1D84.1	B30.3
1D84.Y	B30.9
1D84.Z	B30.9
1D85	B33.2
1D85.0	B33.2
1D85.1	B33.2
1D85.2	B33.2
1D85.3	B33.2
1D85.4	B33.2
1D85.Y	B33.2
1D85.Z	B33.2
1D86	B33
1D90	B34.0
1D91	B34.1
1D92	B34.2
1D93	B34.3
1D9Y	B34.8
1D9Z	B34
1E1Y	B33.8
1E1Z	B33
1E30	J10
1E31	J09
1E32	J11
1E50.0	B15
1E50.1	B16
1E50.2	B17.1
1E50.3	B17.0
1E50.4	B17.2
1E51	B18.8
1E51.0	B18.8
1E51.00	B18.8
1E51.0Y	B18.8
1E51.0Z	B18.8
1E51.1	B18.2
1E51.2	B18.8
1E51.3	B18.8
1E51.Y	B18.8
1E51.Z	B18.8
1E70	B03
1E71	B04
1E72	B08.0
1E73	B08.0
1E74	B08.0
1E75	B08.0
1E76	B08.1
1E7Y	B08.8
1E7Z	B08.8
1E80	B07
1E80.0	B07
1E80.1	B07
1E80.Y	B07
1E80.Z	B07
1E81	B07
1E83	B07
1E90	B01
1E90.0	B01.9
1E90.1	B01.0
1E90.2	B01.1
1E90.Y	B01.8
1E90.Z	B01
1E91	B02
1E91.0	B02
1E91.1	B02.3
1E91.2	B02.7
1E91.3	B02.2
1E91.4	B02.2
1E91.40	B02.2
1E91.41	B02.2
1E91.4Y	B02.2
1E91.4Z	B02.2
1E91.5	B02
1E91.Y	B02.8
1E91.Z	B02
1F00	B00
1F00.0	B00
1F00.00	B00.9
1F00.01	B00.8
1F00.02	B00.2
1F00.03	B00.7
1F00.0Y	B00
1F00.1	B00.5
1F00.10	B00.5
1F00.11	B00.5
1F00.1Y	B00.5
1F00.1Z	B00.5
1F00.2	B00
1F00.20	B00.3
1F00.21	B00.4
1F00.2Y	B00
1F00.3	B00.7
1F00.Y	B00.8
1F00.Z	B00
1F01	B08.2
1F02	B06.8
1F02.0	B06.8
1F02.1	M01.4
1F02.2	B06.9
1F02.Y	B06.8
1F03	B05
1F03.0	B05.9
1F03.1	B05.0
1F03.2	B05.1
1F03.Y	B05.8
1F04	B08.3
1F05.0	B08.4
1F05.1	B08.5
1F05.2	A88.0
1F05.3	B08.8
1F20	B44
1F20.0	B44
1F20.00	B44.8
1F20.01	B44.8
1F20.02	B44.7
1F20.0Y	B44
1F20.0Z	B44
1F20.1	B44
1F20.10	B44.8
1F20.11	B44.8
1F20.12	B44.1
1F20.13	B44.2
1F20.14	B44
1F20.15	B44
1F20.1Y	B44
1F20.1Z	B44
1F20.Z	B44
1F21	B46.8
1F22	B40.9
1F23	B37
1F23.0	B37.0
1F23.1	B37
1F23.10	B37.3
1F23.11	B37.4
1F23.12	B37
1F23.13	B37
1F23.14	B37
1F23.15	B37
1F23.16	B37
1F23.1Y	B37
1F23.1Z	B37
1F23.2	B37
1F23.3	B37
1F23.30	B37.5
1F23.31	B37.1
1F23.3Y	B37
1F23.3Z	B37
1F23.Y	B37.8
1F23.Z	B37
1F24	B43
1F25	B38
1F25.0	B38
1F25.00	B38
1F25.01	B38
1F25.1	B38
1F25.10	B38.7
1F25.11	B38.3
1F25.12	B38.4
1F25.1Y	B38
1F25.1Z	B38
1F25.Z	B38
1F26	B46.8
1F27	B45
1F27.0	B45.0
1F27.1	B45.1
1F27.10	B45.1
1F27.2	B45.7
1F27.Y	B45.8
1F27.Z	B45
1F28	B35.9
1F28.0	B35.9
1F28.1	B35.1
1F28.2	B35.3
1F28.3	B35.6
1F28.4	B35.8
1F28.5	B35.8
1F28.Y	B35.9
1F28.Z	B35.9
1F29	B47.0
1F2A	B39
1F2A.0	B39.2
1F2A.1	B39.5
1F2A.Y	B39
1F2A.Z	B39
1F2B	B48.0
1F2C	B46.9
1F2D	B36.9
1F2D.0	B36.0
1F2D.1	B36.9
1F2D.2	B36.2
1F2D.3	B36.3
1F2D.4	B36.1
1F2D.5	B36.9
1F2D.Y	B36.9
1F2D.Z	B36.9
1F2E	B41
1F2E.0	B41.0
1F2E.1	B41.7
1F2E.Y	B41.8
1F2E.Z	B41
1F2F	B48.8
1F2G	B48.5
1F2G.0	B48.5
1F2G.Z	B48.5
1F2H	B48.2
1F2J	B42
1F2J.0	B42.1
1F2J.1	B42.8
1F2J.2	B42.0
1F2J.3	B42.7
1F2J.Y	B42.8
1F2J.Z	B42
1F2K	B48.4
1F40	B50
1F40.0	B50.0
1F40.Y	B50.8
1F40.Z	B50
1F41	B51
1F41.0	B51.0
1F41.Y	B51.8
1F41.Z	B51
1F42	B52.9
1F42.0	B52.0
1F42.Y	B52.9
1F42.Z	B52.9
1F43	B53.0
1F44	B53
1F45	B54
1F50	B60.1
1F51	B56
1F51.0	B56.0
1F51.00	B56.0
1F51.0Y	B56.0
1F51.0Z	B56.0
1F51.1	B56.1
1F51.10	B56.1
1F51.1Y	B56.1
1F51.1Z	B56.1
1F51.Y	B56
1F51.Z	B56
1F52	B60.0
1F53	B57
1F53.1	B57.1
1F53.2	B57.2
1F53.3	B57.3
1F53.4	B57.4
1F53.Y	B57
1F53.Z	B57
1F54	B55.9
1F54.0	B55.0
1F54.1	B55.1
1F54.2	B55.2
1F54.Z	B55.9
1F55	B60.2
1F56	B48.1
1F57	B58
1F57.0	B58.1
1F57.1	B58.2
1F57.2	B58.3
1F57.3	B58.0
1F57.Y	B58.8
1F57.Z	B58
1F58	B60.8
1F5Z	B60.8
1F60.1	B81.3
1F61	B81.0
1F62	B77
1F63.0	B81.1
1F64	B72
1F65	B80
1F66	B74
1F66.0	B74.3
1F66.1	B74.4
1F66.2	B74
1F66.3	B74
1F66.30	B74.0
1F66.31	B74.1
1F66.32	B74.2
1F66.3Z	B74
1F66.4	B74.8
1F66.Y	B74.8
1F66.Z	B74
1F67	B83.1
1F68	B76.9
1F68.0	B76.9
1F68.1	B76.1
1F68.2	B76.9
1F68.Y	B76.9
1F68.Z	B76.9
1F69	B81.8
1F6A	B73
1F6A.0	B73
1F6A.1	B73
1F6A.Y	B73
1F6A.Z	B73
1F6B	B78.9
1F6C	B83.3
1F6D	B83.0
1F6E	B75
1F6F	B81.2
1F6G	B79
1F70	B69.9
1F70.0	B69.0
1F70.00	B69.0
1F70.0Y	B69.0
1F70.0Z	B69.0
1F70.1	B69.1
1F70.Y	B69.9
1F70.Z	B69.9
1F71	B70.0
1F72	B71.1
1F73	B67.9
1F73.0	B67.8
1F73.1	B67.9
1F73.2	B67.9
1F73.3	B67.9
1F73.Y	B67.9
1F73.Z	B67.9
1F74	B71.0
1F75	B70.1
1F76	B68.9
1F76.0	B68.0
1F76.1	B68.1
1F76.Y	B68.9
1F76.Z	B68.9
1F7Y	B71.9
1F7Z	B71.9
1F80	B66.1
1F81	B66.2
1F82	B66.3
1F83	B66.5
1F84	B66.0
1F85	B66.4
1F86	B65.9
1F86.0	B65.0
1F86.1	B65.1
1F86.2	B65.2
1F86.3	B65.9
1F86.4	B65.3
1F86.5	B65.9
1F86.Z	B65.9
1F8Y	B66.8
1F8Z	B66
1F90	B82.9
1F90.0	B82.9
1F90.1	B82.9
1F90.2	B82.0
1F90.Y	B82.9
1F90.Z	B82.9
1G00	B85.2
1G00.0	B85.0
1G00.1	B85.1
1G00.Z	B85.2
1G01	B87.9
1G01.0	B87.2
1G01.1	B87.3
1G01.2	B87.9
1G01.3	B87.0
1G01.Y	B87.9
1G01.Z	B87.9
1G02	B88.3
1G03	B85.3
1G04	B86
1G04.0	B86
1G04.1	B86
1G04.Y	B86
1G04.Z	B86
1G05	B88.1
1G06	B88.8
1G07	B88.9
1G07.0	B88.0
1G07.Y	B88.9
1G07.Z	B88.9
1G41	R57.2
1G60.0	B47
1G80	B90
1G82	B92
1G83	B91
2A00.00	C71
2A00.10	C71.6
2A00.11	C71
2A00.21	D33.2
2A00.22	D33
2A00.3	C71.6
2A01.00	C70
2A01.1	C70
2A01.2	D42.9
2A02	C72
2A02.0	C72
2A02.00	C72
2A02.0Y	C72
2A02.0Z	C72
2A02.1	C72
2A02.10	C47.9
2A02.11	C72
2A02.12	C72.3
2A02.1Y	C72
2A02.1Z	C72
2A02.2	C72
2A02.3	D33.3
2A02.4	D33.4
2A02.Z	C72
2A20	D47.7
2A20.0	C92.1
2A20.00	C92.1
2A20.01	C92.1
2A20.02	C92.1
2A20.03	C92.1
2A20.0Y	C92.1
2A20.0Z	C92.1
2A20.1	D47.1
2A20.2	D47.4
2A20.3	D47.5
2A20.4	D45
2A20.5	D47.7
2A20.Y	D47.7
2A20.Z	D47.7
2A21	C96.2
2A21.0	C96.2
2A21.00	C94.3
2A21.0Y	C96.2
2A21.0Z	C96.2
2A21.1	C96.2
2A21.10	C96.2
2A21.1Y	C96.2
2A21.1Z	C96.2
2A21.2	C96.2
2A21.3	C96.2
2A21.Y	C96.2
2A21.Z	C96.2
2A30	D46.9
2A31	D46.9
2A32	D46.9
2A33	D46.1
2A34	D46.5
2A35	D46.2
2A36	D46.6
2A37	D46.9
2A38	D46.9
2A3Y	D46.9
2A3Z	D46.9
2A40	C93.1
2A41	C92.2
2A42	C93.3
2A42.0	C93.3
2A42.Y	C93.3
2A42.Z	C93.3
2A44	C94.6
2A50	C92.7
2A51	C92.7
2A52	C92.7
2A5Z	C94.7
2A60.0	C92.9
2A60.1	C92.7
2A60.2	D47.1
2A60.20	C92.7
2A60.2Y	D47.1
2A60.2Z	D47.1
2A60.3	C92.0
2A60.30	C92.0
2A60.31	C92.0
2A60.32	C92.0
2A60.33	C92.5
2A60.34	C93.0
2A60.35	C94.0
2A60.36	C94.2
2A60.37	C92.0
2A60.38	C94.4
2A60.39	C92.3
2A60.3Y	C92.0
2A60.3Z	C92.0
2A60.4	C92.7
2A60.40	D61.9
2A60.41	C92.7
2A60.4Y	C92.7
2A60.4Z	C92.7
2A60.5	C86.4
2A61	C94
2A80	C82.9
2A80.0	C82.0
2A80.1	C82.1
2A80.2	C82.2
2A80.3	C82.6
2A80.4	C82.9
2A80.5	C82.9
2A80.6	C82.9
2A80.Y	C82.9
2A80.Z	C82.9
2A81	C83.3
2A81.0	C85.2
2A81.1	C83.3
2A81.2	C83.3
2A81.3	C83.3
2A81.4	C83.3
2A81.5	C83.3
2A81.6	C83.3
2A81.7	C83.3
2A81.8	C83.3
2A81.9	C83.3
2A81.A	C83.3
2A81.Y	C83.3
2A81.Z	C83.3
2A82	C91.7
2A82.0	C91.7
2A82.00	C91.1
2A82.0Y	C91.7
2A82.0Z	C91.7
2A82.1	C91.3
2A82.10	C91.3
2A82.1Y	C91.3
2A82.1Z	C91.3
2A82.2	C91.4
2A82.3	C91.7
2A82.Y	C91.7
2A82.Z	C91.7
2A83	C90
2A83.0	D47.2
2A83.1	C90.0
2A83.2	C90.3
2A83.3	C90
2A83.4	C90.1
2A83.5	C90
2A83.50	D47.7
2A83.51	D47.7
2A83.52	D47.7
2A83.Y	C90
2A83.Z	C90
2A84	C88.9
2A84.0	C88.9
2A84.1	C88.9
2A84.2	C88.9
2A84.Y	C88.9
2A84.Z	C88.9
2A85	C85.1
2A85.0	C88.7
2A85.1	C88.4
2A85.2	C88.7
2A85.3	C85.7
2A85.4	C88.0
2A85.5	C83.1
2A85.6	C83.7
2A85.Y	C85.1
2A86.0	C85.1
2A86.1	C85.1
2A86.2	C85.1
2A90	C86
2A90.0	C91.6
2A90.1	C86
2A90.2	C86
2A90.3	C86
2A90.4	C86
2A90.5	C91.5
2A90.6	C86.0
2A90.7	C86.2
2A90.8	C86.1
2A90.9	C86.5
2A90.A	C84.6
2A90.B	C84.7
2A90.C	C84.4
2B00	C86.3
2B01	C84.0
2B02	C84.1
2B03	C84
2B03.0	C86.6
2B03.1	C84
2B0Y	C84
2B0Z	C84
2B2Y	C84.8
2B2Z	C84
2B30	C81
2B30.0	C81.0
2B30.1	C81.7
2B30.10	C81.1
2B30.11	C81.4
2B30.12	C81.2
2B30.13	C81.3
2B30.1Z	C81.7
2B30.Z	C81
2B31.0	D76.3
2B31.1	C96.8
2B31.20	C96.6
2B31.3	C96.4
2B31.4	C96.4
2B31.5	C96.4
2B31.6	C96.4
2B31.7	C96.4
2B32	D47.9
2B32.0	D47.7
2B32.1	D75.8
2B32.2	D47.7
2B32.3	D47.7
2B32.Y	D47.9
2B32.Z	D47.9
2B33	C96.9
2B33.0	C95.0
2B33.1	C92
2B33.2	C96.9
2B33.3	C91.9
2B33.4	C95.9
2B33.5	C85.9
2B33.Y	C96.9
2B50	C41.9
2B50.0	C40
2B50.1	C41.9
2B50.2	C41.3
2B50.Y	C41.9
2B50.Z	C41.9
2B51	C41.9
2B51.0	C41.1
2B51.1	C40
2B51.2	C41.4
2B51.Y	C41.9
2B51.Z	C41.9
2B52	C41.9
2B52.0	C40
2B52.1	C41.4
2B52.2	C41.3
2B52.3	C41.9
2B52.Y	C41.9
2B52.Z	C41.9
2B53	C41.9
2B53.0	C41.9
2B53.1	C41.9
2B53.Y	C41.9
2B53.Z	C41.9
2B54	C41.9
2B54.0	C41.9
2B54.1	C41.9
2B54.Y	C41.9
2B54.Z	C41.9
2B55	C41.9
2B55.0	C41.9
2B55.1	C41.9
2B55.2	C41.9
2B55.Y	C41.9
2B55.Z	C41.9
2B56	C41.9
2B56.0	C41.9
2B56.1	C41.9
2B56.2	C41.9
2B56.3	C22.3
2B56.Y	C41.9
2B56.Z	C41.9
2B57	C46
2B57.0	C46
2B57.1	C46.0
2B57.2	C46
2B57.Y	C46.8
2B57.Z	C46
2B58	C41.9
2B58.0	C41.9
2B58.1	C41.9
2B58.2	C41.9
2B58.Y	C41.9
2B58.Z	C41.9
2B59	C41.9
2B59.0	C41.9
2B59.1	C41.9
2B59.2	C41.9
2B59.Y	C41.9
2B59.Z	C41.9
2B5A	C41.9
2B5A.0	C41.9
2B5A.1	C41.9
2B5A.Y	C41.9
2B5A.Z	C41.9
2B5B	C41.9
2B5B.0	C41.9
2B5B.1	C41.9
2B5B.Y	C41.9
2B5B.Z	C41.9
2B5C	C41.9
2B5D	C41.9
2B5D.0	C41.9
2B5D.1	C41.9
2B5D.Y	C41.9
2B5D.Z	C41.9
2B5E	C41.9
2B5F	C41.9
2B5F.0	C41.9
2B5F.1	C41.9
2B5F.10	C48.1
2B5F.1Y	C41.9
2B5F.1Z	C41.9
2B5F.2	C41.9
2B5F.3	C41.9
2B5G	C41.9
2B5H	C41.9
2B5J	C41.9
2B5K	C49
2B5Y	C41.9
2B5Z	C41.9
2B60	C00
2B60.0	C00
2B60.1	C00
2B60.Y	C00.8
2B60.Z	C00
2B61	C01
2B61.0	C01
2B61.Y	C01
2B61.Z	C01
2B62	C02
2B62.0	C02
2B62.1	C02.4
2B62.10	C02.4
2B62.1Z	C02.4
2B62.Y	C02.8
2B62.Z	C02
2B63	C03
2B63.0	C03
2B63.Y	C03
2B63.Z	C03
2B64	C04
2B64.0	C04
2B64.Y	C04.8
2B64.Z	C04
2B65	C05
2B65.0	C05
2B65.1	C05
2B65.Y	C05.8
2B65.Z	C05
2B66	C06
2B66.0	C06
2B66.Y	C06.8
2B66.Z	C06
2B67	C07
2B67.0	C07
2B67.1	C07
2B67.Y	C07
2B67.Z	C07
2B68	C08
2B68.0	C08
2B68.1	C08
2B68.2	C08
2B68.Z	C08
2B69	C09
2B69.0	C09
2B69.1	C09
2B69.Z	C09
2B6A	C10
2B6A.0	C10
2B6A.Y	C10.8
2B6A.Z	C10
2B6B	C11
2B6B.0	C11
2B6B.1	C11
2B6B.2	C11
2B6B.20	C11
2B6B.21	C11
2B6B.2Y	C11
2B6B.2Z	C11
2B6B.Y	C11.8
2B6B.Z	C11
2B6C	C12
2B6C.0	C12
2B6C.Y	C12
2B6C.Z	C12
2B6D	C13
2B6D.0	C13
2B6D.Y	C13.8
2B6D.Z	C13
2B6E	C14
2B6E.0	C14
2B6E.Y	C14.8
2B6E.Z	C14
2B70	C15
2B70.0	C15
2B70.00	C15
2B70.0Y	C15
2B70.0Z	C15
2B70.1	C15
2B70.Y	C15.8
2B70.Z	C15
2B72	C16
2B72.0	C16
2B72.1	C16
2B72.Y	C16.8
2B72.Z	C16
2B80	C17
2B80.0	C17.0
2B80.00	C17.0
2B80.01	C17.0
2B80.0Y	C17.0
2B80.0Z	C17.0
2B80.1	C17
2B80.10	C17
2B80.11	C17
2B80.1Y	C17
2B80.1Z	C17
2B80.2	C17
2B80.20	C17
2B80.21	C17
2B80.2Y	C17
2B80.Y	C17.8
2B80.Z	C17
2B81	C18.1
2B81.0	C18.1
2B81.00	C18.1
2B81.2	C18.1
2B81.Y	C18.1
2B81.Z	C18.1
2B90	C18.9
2B90.0	C18.9
2B90.00	C18.9
2B90.0Y	C18.9
2B90.0Z	C18.9
2B90.1	C18.9
2B90.10	C18.9
2B90.1Y	C18.9
2B90.1Z	C18.9
2B90.2	C18.4
2B90.20	C18.4
2B90.2Y	C18.4
2B90.2Z	C18.4
2B90.3	C18.7
2B90.30	C18.7
2B90.3Y	C18.7
2B90.3Z	C18.7
2B90.Y	C18.9
2B90.Z	C18.9
2B91	C19
2B91.0	C19
2B91.Y	C19
2B91.Z	C19
2B92	C20
2B92.0	C20
2B92.1	C20
2B92.Y	C20
2B92.Z	C20
2C00	C21
2C00.0	C21
2C00.1	C21
2C00.2	C21
2C00.3	C21
2C00.Y	C21.8
2C00.Z	C21
2C10	C25.9
2C10.0	C25.9
2C10.1	C25.4
2C10.Y	C25.9
2C10.Z	C25.9
2C11	C26
2C11.0	C26
2C11.1	C26
2C11.2	C26
2C11.Z	C26
2C12	C22
2C12.0	C22
2C12.00	C22
2C12.01	C22.2
2C12.02	C22.0
2C12.03	C22
2C12.0Y	C22
2C12.0Z	C22
2C12.1	C22
2C12.10	C22.1
2C12.1Y	C22
2C12.1Z	C22
2C13	C23
2C13.0	C23
2C13.Y	C23
2C13.Z	C23
2C14	C24.0
2C14.0	C24.0
2C14.1	C24.0
2C14.2	C24.0
2C14.Y	C24.0
2C14.Z	C24.0
2C15	C24.0
2C15.0	C24.0
2C15.1	C24.0
2C15.2	C24.0
2C15.Y	C24.0
2C15.Z	C24.0
2C16	C24.1
2C16.0	C24.1
2C16.1	C24.1
2C16.Y	C24.1
2C16.Z	C24.1
2C17	C24
2C17.0	C24
2C17.1	C24
2C17.2	C24
2C17.Y	C24.8
2C17.Z	C24
2C20	C30.0
2C20.0	C30.0
2C20.1	C30.0
2C20.2	C30.0
2C20.3	C30.0
2C20.4	C30.0
2C20.Y	C30.0
2C20.Z	C30.0
2C21	C30.1
2C21.0	C30.1
2C21.1	C30.1
2C21.2	C30.1
2C21.Y	C30.1
2C21.Z	C30.1
2C22	C31
2C22.0	C31
2C22.1	C31
2C22.10	C31
2C22.1Y	C31
2C22.2	C31
2C22.3	C31
2C22.Y	C31.8
2C22.Z	C31
2C23	C32
2C23.1	C32.0
2C23.10	C32.0
2C23.1Y	C32.0
2C23.2	C32.1
2C23.20	C32.1
2C23.2Y	C32.1
2C23.3	C32.2
2C23.30	C32.2
2C23.31	C32.2
2C23.3Y	C32.2
2C23.4	C32
2C23.5	C32
2C23.Z	C32
2C24	C33
2C24.0	C33
2C24.1	C33
2C24.2	C33
2C24.Y	C33
2C24.Z	C33
2C25	C34
2C25.0	C34
2C25.1	C34
2C25.2	C34
2C25.3	C34
2C25.4	C34
2C25.5	C34
2C25.Y	C34.8
2C25.Z	C34
2C26	C38.4
2C26.0	C45.0
2C26.Y	C38.4
2C26.Z	C38.4
2C27	C37
2C27.0	C37
2C27.1	C37
2C27.2	C37
2C27.Y	C37
2C27.Z	C37
2C28	C38
2C28.0	C38
2C28.1	C38
2C28.Z	C38
2C29	C39
2C29.0	C39
2C29.1	C39
2C29.Z	C39
2C30	C43.9
2C30.0	C43.9
2C30.1	C43.9
2C30.2	C43.9
2C30.3	C43.9
2C30.Y	C43.9
2C30.Z	C43.9
2C31	C44
2C31.0	C44
2C31.1	C44
2C31.Z	C44
2C32	C44
2C32.0	C44
2C32.1	C44
2C32.2	C44
2C32.Y	C44.8
2C32.Z	C44
2C33	C44
2C35	C44
2C40	C47
2C41	C47
2C4Y	C47.8
2C4Z	C47
2C50	C48.0
2C50.0	C48.0
2C50.Y	C48.0
2C50.Z	C48.0
2C51	C48.2
2C51.0	C48.2
2C51.1	C48.2
2C51.2	C45.1
2C51.20	C45.1
2C51.21	C45.1
2C51.2Y	C45.1
2C51.2Z	C45.1
2C51.Y	C48.2
2C51.Z	C48.2
2C52.0	C48.1
2C53.0	C48.8
2C53.1	C45
2C65	C50
2C70	C51
2C70.0	C51
2C70.1	C51
2C70.2	C51
2C70.Y	C51.8
2C70.Z	C51
2C71	C52
2C71.0	C52
2C71.1	C52
2C71.2	C52
2C71.Y	C52
2C71.Z	C52
2C73	C56
2C73.0	C56
2C73.00	C56
2C73.01	C56
2C73.02	C56
2C73.03	C56
2C73.04	C56
2C73.0Y	C56
2C73.0Z	C56
2C73.1	C56
2C73.2	C56
2C73.3	C56
2C73.4	C56
2C73.5	C56
2C73.Y	C56
2C73.Z	C56
2C74	C57.0
2C74.0	C57.0
2C74.Y	C57.0
2C74.Z	C57.0
2C75	C58
2C75.0	C58
2C75.Y	C58
2C75.Z	C58
2C76	C54
2C76.0	C54
2C76.1	C54
2C76.2	C54
2C76.3	C54
2C76.4	C54
2C76.40	C54
2C76.41	C54
2C76.42	C54
2C76.43	C54
2C76.4Z	C54
2C76.Y	C54.8
2C76.Z	C54
2C77	C53.9
2C77.0	C53.9
2C77.1	C53.9
2C77.2	C53.9
2C77.3	C53.9
2C77.Y	C53.9
2C77.Z	C53.9
2C78	C55
2C79	C57.8
2C80	C62.9
2C80.2	C62.9
2C80.Y	C62.9
2C80.Z	C62.9
2C81	C60.9
2C81.0	C60.9
2C81.1	C60.9
2C81.Y	C60.9
2C81.Z	C60.9
2C82	C61
2C82.0	C61
2C82.Y	C61
2C82.Z	C61
2C83	C63.2
2C83.0	C63.2
2C83.Y	C63.2
2C83.Z	C63.2
2C84	C63
2C8Z	C63.9
2C90	C64
2C90.0	C64
2C90.Y	C64
2C90.Z	C64
2C91	C65
2C91.0	C65
2C91.Y	C65
2C91.Z	C65
2C92	C66
2C92.0	C66
2C92.Y	C66
2C92.Z	C66
2C93	C68
2C93.0	C68
2C93.1	C68
2C93.2	C68
2C93.Y	C68.8
2C93.Z	C68
2C94	C67.9
2C94.0	C67.9
2C94.1	C67.9
2C94.2	C67.9
2C94.Y	C67.9
2C94.Z	C67.9
2C95	C68.8
2C95.0	C68.8
2C95.1	C68.8
2C95.2	C68.8
2C95.Y	C68.8
2C95.Z	C68.8
2D00	C69.0
2D00.0	C69.0
2D00.1	C69.0
2D00.2	C69.0
2D00.Y	C69.0
2D00.Z	C69.0
2D01	C69.1
2D01.0	C69.1
2D01.1	C69.1
2D01.Y	C69.1
2D01.Z	C69.1
2D02	C69.2
2D02.0	C69.2
2D02.1	C69.2
2D02.2	C69.2
2D02.Y	C69.2
2D02.Z	C69.2
2D03	C69.5
2D03.0	C69.5
2D03.1	C69.5
2D03.2	C69.5
2D03.Y	C69.5
2D03.Z	C69.5
2D04	C69.6
2D05	C69.3
2D05.0	C69.3
2D05.Y	C69.3
2D05.Z	C69.3
2D06	C69.4
2D06.0	C69.4
2D06.1	C69.4
2D06.3	C69.4
2D06.4	C69.4
2D06.Y	C69.4
2D06.Z	C69.4
2D07	C69.9
2D07.0	C69.9
2D07.1	C69.9
2D07.2	C69.9
2D07.Y	C69.9
2D07.Z	C69.9
2D0Y	C69.9
2D0Z	C69.9
2D10	C73
2D10.0	C73
2D10.1	C73
2D10.2	C73
2D10.3	C73
2D10.4	C73
2D10.Y	C73
2D10.Z	C73
2D11	C74.9
2D11.0	C74.9
2D11.1	C74.9
2D11.2	C74.9
2D11.Y	C74.9
2D11.Z	C74.9
2D12	C75.9
2D12.0	C75.9
2D12.1	C75.9
2D12.Y	C75.9
2D12.Z	C75.9
2D40	C80.9
2D41	C80.9
2D42	C76.8
2D44	C80.9
2D4Y	C80.9
2D4Z	C80.9
2D50	C79.3
2D51	C79.3
2D52	C79.4
2D60	C77.9
2D60.0	C77.0
2D60.1	C77.1
2D60.2	C77.2
2D60.3	C77.3
2D60.4	C77.4
2D60.5	C77.5
2D60.Y	C77.9
2D60.Z	C77.9
2D61	C77.8
2D6Z	C77.9
2D70	C78.0
2D71	C78.1
2D72	C78.2
2D73	C78.3
2D7Y	C78.8
2D7Z	C78
2D80	C78.7
2D80.0	C78.7
2D80.1	C78.7
2D84	C78.4
2D85	C78.5
2D90	C78.6
2D91	C78.6
2E00	C79.0
2E01	C79.1
2E03	C79.5
2E05.0	C79.6
2E07	C79.7
2E08	C79.2
2E09	C79.4
2E60	D00
2E60.0	D00.0
2E60.1	D00.1
2E60.2	D00.2
2E61	D01
2E61.0	D01.0
2E61.1	D01.2
2E61.2	D01.3
2E61.3	D01.5
2E61.Y	D01
2E61.Z	D01
2E62	D02
2E62.0	D02.0
2E62.1	D02.1
2E62.2	D02.2
2E62.Y	D02
2E62.Z	D02
2E63	D03.9
2E63.0	D03.9
2E63.00	D03.9
2E63.0Z	D03.9
2E63.1	D03.9
2E63.Y	D03.9
2E63.Z	D03.9
2E64	D04.9
2E64.0	D04.9
2E64.00	D04.9
2E64.01	D04.9
2E64.0Y	D04.9
2E64.0Z	D04.9
2E64.1	D04.9
2E64.2	D04.9
2E64.Y	D04.9
2E64.Z	D04.9
2E65	D05.9
2E65.0	D05.0
2E65.1	D05.9
2E65.2	D05.1
2E65.3	D05.9
2E65.4	D05.9
2E65.5	D05.9
2E65.Y	D05.9
2E65.Z	D05.9
2E66	D06
2E66.2	D06
2E66.Y	D06
2E66.Z	D06
2E67	D07
2E67.0	D07.0
2E67.1	D07.1
2E67.11	D07.1
2E67.12	D07.1
2E67.13	D07.1
2E67.2	D07.2
2E67.22	D07.2
2E67.2Y	D07.2
2E67.2Z	D07.2
2E67.3	D07.3
2E67.4	D07.4
2E67.40	D07.4
2E67.41	D07.4
2E67.5	D07.5
2E67.6	D07.6
2E68	D09.0
2E69	D09.1
2E6A	D09.9
2E6A.0	D09.9
2E6A.1	D09.9
2E6A.Y	D09.9
2E6B	D09.3
2E6Y	D09.9
2E6Z	D09.9
2E80	D17.9
2E80.0	D17.9
2E80.00	D17.9
2E80.01	D17.9
2E80.02	D17.9
2E80.0Y	D17.9
2E80.0Z	D17.9
2E80.1	D17.9
2E80.Y	D17.9
2E80.Z	D17.9
2E81	D18
2E81.0	D18.0
2E81.00	D18.0
2E81.01	D18.0
2E81.0Y	D18.0
2E81.0Z	D18.0
2E81.1	D18.1
2E81.10	D18.1
2E81.11	D18.1
2E81.1Y	D18.1
2E81.1Z	D18.1
2E81.2	D18
2E81.20	D18
2E81.21	D18
2E81.2Y	D18
2E81.2Z	D18
2E81.Y	D18
2E81.Z	D18
2E83	D16
2E83.0	D16.4
2E83.1	D16.5
2E83.2	D16.6
2E83.3	D16.7
2E83.4	D16.8
2E83.5	D16
2E83.Y	D16.8
2E83.Z	D16
2E85.0	D21
2E85.1	D20
2E86.0	D25.9
2E86.1	D21.9
2E86.2	D21.9
2E89.0	D16
2E89.1	D21.9
2E90	D10
2E90.0	D10.0
2E90.1	D10.1
2E90.2	D10.2
2E90.3	D10.3
2E90.4	D10.4
2E90.5	D10.5
2E90.6	D10.6
2E90.7	D10.7
2E90.8	D10.9
2E91	D11.9
2E91.0	D11.0
2E91.1	D11.7
2E91.Z	D11.9
2E92	D13
2E92.0	D13
2E92.1	D13.1
2E92.2	D13.2
2E92.3	D13
2E92.4	D12
2E92.40	D12.6
2E92.4Y	D12.8
2E92.4Z	D12
2E92.5	D12.9
2E92.6	D13.5
2E92.7	D13.4
2E92.8	D13.6
2E92.9	D13.7
2E92.Y	D13
2E92.Z	D13
2F00	D14
2F00.0	D14.0
2F00.1	D14
2F00.2	D14.1
2F00.Y	D14
2F00.Z	D14
2F01	D15.9
2F10	D19
2F20	D22.9
2F20.0	D22.9
2F20.00	D22.9
2F20.0Y	D22.9
2F20.0Z	D22.9
2F20.1	D22.9
2F20.2	D22.9
2F20.20	D22.9
2F20.2Y	D22.9
2F20.2Z	D22.9
2F20.3	D22.9
2F20.Y	D22.9
2F20.Z	D22.9
2F21	D23
2F21.0	L82
2F21.Y	D23
2F22	D23
2F23	D23
2F23.0	D23
2F23.Y	D23
2F24	D23
2F25	D18.0
2F26	L98.0
2F2Y	D23
2F2Z	D23
2F30	D24
2F30.0	D24
2F30.1	D24
2F30.2	D24
2F30.3	D24
2F30.4	D24
2F30.5	D24
2F30.6	D24
2F30.7	D24
2F30.Y	D24
2F30.Z	D24
2F31	D26
2F31.0	D26.0
2F31.1	D26.1
2F31.2	D26.7
2F32	D27
2F32.0	D27
2F32.1	D27
2F32.2	D27
2F32.3	D27
2F32.Y	D27
2F32.Z	D27
2F33	D28.9
2F34	D29.7
2F35	D30.9
2F36	D31.9
2F36.0	D31.3
2F36.1	D31.9
2F36.2	D31.4
2F36.3	D31.6
2F36.4	D23.1
2F36.Y	D31.9
2F36.Z	D31.9
2F37	D35.9
2F37.0	D35.9
2F37.Y	D35.9
2F37.Z	D35.9
2F70	D37
2F70.0	D37.0
2F70.1	D37.1
2F70.2	D37.2
2F70.3	D37.4
2F70.4	D37.5
2F70.5	D37.6
2F70.Y	D37
2F70.Z	D37
2F71.0	D38.4
2F71.1	D38.0
2F71.2	D38.2
2F71.3	D38.1
2F71.4	D38.3
2F72	D48.5
2F72.1	D48.5
2F72.2	D48.5
2F72.Y	D48.5
2F73	D48.3
2F74	D48.4
2F75	D48.6
2F7B	D48.0
2F7C	D48.1
2F90.0	D37.4
2F90.1	D37.5
2F91	D38
2F91.0	D38.0
2F91.1	D38.1
2F91.Y	D38
2F91.Z	D38
2F92	D48.5
2F93	D48.3
2F94	D48.4
2F95	D48.6
2F96	D39
2F97	D40
2F98	D41
2F9A	D44
2F9B	D48.0
2F9C	D48.1
3A00	D50.9
3A00.0	D50.0
3A00.01	D50.0
3A00.0Z	D50.0
3A00.1	D50
3A00.2	D50
3A00.3	D50
3A00.Y	D50.9
3A00.Z	D50.9
3A01	D51.9
3A01.0	D51.8
3A01.1	D51.8
3A01.2	D51.8
3A01.3	D51.0
3A01.30	D51.0
3A01.3Y	D51.0
3A01.3Z	D51.0
3A01.4	D51.8
3A01.5	D51.8
3A01.Y	D51.9
3A01.Z	D51.9
3A02	D52.9
3A02.0	D52.8
3A02.1	D52.0
3A02.2	D52.8
3A02.3	D52
3A02.4	D52.1
3A02.Y	D52.9
3A02.Z	D52.9
3A03.0	D53
3A03.1	D53.0
3A03.2	D53.2
3A03.3	D53.8
3A03.4	D53.8
3A03.40	D53.8
3A03.41	D53.8
3A03.42	D53.8
3A03.4Y	D53.8
3A03.5	D53.8
3A03.6	D53.8
3A10.0	D55.1
3A10.00	D55.0
3A10.0Y	D55.1
3A10.0Z	D55.1
3A10.1	D55.3
3A10.2	D58.1
3A10.3	D58.8
3A20	D59
3A20.0	D59.1
3A20.1	D59
3A20.2	D59
3A20.3	D59
3A20.4	D59
3A20.5	D59
3A20.Y	D59
3A20.Z	D59
3A21	D59
3A21.0	D59.5
3A21.1	D59
3A21.2	D59.3
3A21.Y	D59
3A21.Z	D59
3A2Z	D59
3A50	D56
3A50.0	D56.0
3A50.00	D56.3
3A50.01	D56.0
3A50.02	D56.0
3A50.03	D56.0
3A50.0Y	D56.0
3A50.0Z	D56.0
3A50.1	D56
3A50.2	D56.1
3A50.3	D56.2
3A50.4	D56.4
3A50.Y	D56.8
3A50.Z	D56
3A51	D57
3A51.0	D57.3
3A51.1	D57.1
3A51.2	D57.0
3A51.3	D57.2
3A51.4	D57
3A51.5	D57
3A51.6	D57
3A51.7	D57
3A51.8	D57
3A51.9	D57
3A51.A	D57
3A51.B	D57
3A51.Y	D57.8
3A51.Z	D57
3A60	D61.0
3A60.0	D61.0
3A60.1	D61.0
3A60.Z	D61.0
3A61	D60
3A61.0	D60.1
3A61.1	D60.0
3A61.Y	D60.8
3A61.Z	D60
3A6Z	D64.9
3A70	D64.9
3A70.0	D61.0
3A70.1	D61
3A70.10	D61.1
3A70.11	D61.2
3A70.12	D61.3
3A70.1Y	D61.8
3A70.1Z	D61
3A70.Z	D64.9
3A71	D63
3A71.0	D63
3A71.1	D63
3A71.2	D63
3A71.Y	D63.8
3A71.Z	D63
3A72	D64
3A72.0	D64
3A72.00	D64.0
3A72.01	D64.0
3A72.0Y	D64
3A72.0Z	D64
3A72.1	D64
3A72.Z	D64
3A73	D64.4
3A80	D75.0
3A80.0	D75.0
3A80.Y	D75.0
3A80.Z	D75.0
3A81	D75.1
3A81.0	D75.1
3A81.1	D75.1
3A81.2	D75.1
3A81.Y	D75.1
3A81.Z	D75.1
3A8Z	D64.9
3A90	D64.8
3A91	D74.0
3A92	D74.0
3A93	D74.8
3A94	D62
3A9Y	D64.9
3A9Z	D64.9
3B10	D66
3B10.0	D66
3B10.1	D66
3B10.Y	D66
3B10.Z	D66
3B11	D67
3B11.0	D67
3B11.Y	D67
3B11.Z	D67
3B12	D68.0
3B13	D68.1
3B14	D68.2
3B14.0	D68.2
3B14.1	D68.2
3B14.2	D68.2
3B14.Z	D68.2
3B15	D68.2
3B20	D65
3B21	D68.3
3B21.0	D68.3
3B21.1	D68.3
3B21.Y	D68.3
3B21.Z	D68.3
3B22	D68.4
3B2Y	D68.4
3B50	D68.8
3B50.0	D68.8
3B50.1	D68.8
3B50.Y	D68.8
3B50.Z	D68.8
3B51	D77
3B60	D69.2
3B60.0	D69.2
3B60.1	D69.2
3B61	D68
3B61.0	D68.5
3B61.00	D68.5
3B61.0Y	D68.5
3B61.0Z	D68.5
3B61.1	D68.6
3B61.Y	D68.8
3B61.Z	D68
3B62	D69.1
3B62.0	D69.1
3B62.00	D69.1
3B62.01	D69.1
3B62.0Y	D69.1
3B62.0Z	D69.1
3B62.1	D69.1
3B62.2	D69.1
3B62.3	D69.1
3B62.4	D69.1
3B62.5	D76.2
3B62.Y	D69.1
3B62.Z	D69.1
3B63	D47.3
3B63.0	D47.3
3B63.1	D47.3
3B63.10	D47.3
3B63.1Y	D47.3
3B63.1Z	D47.3
3B63.Y	D47.3
3B63.Z	D47.3
3B64	D69.6
3B64.0	D69.6
3B64.00	D69.6
3B64.01	D69.6
3B64.0Z	D69.6
3B64.1	D69.5
3B64.10	D69.3
3B64.11	D69.5
3B64.12	D69.5
3B64.13	D69.5
3B64.14	M31.1
3B64.1Y	D69.5
3B64.1Z	D69.5
3B64.Z	D69.6
3B65	M31.1
3B80	D73
3B80.0	D73
3B81	D73
3B81.0	D73
3B81.1	D73
3B81.2	D73.0
3B81.3	D73
3B81.4	D73
3B81.5	D73
3B81.50	D73.4
3B81.51	D73.4
3B81.5Y	D73
3B81.5Z	D73
3B81.6	D73.5
3B81.7	D73
3B81.70	D73
3B81.71	D73.3
3B81.7Y	D73
3B81.7Z	D73
3B81.8	D73
3B81.9	D73
3B81.A	D73
3B81.B	D73.1
3B81.C	D73.2
3B81.Y	D73
3B81.Z	D73
3B8Z	D73
04	D89.9
4A00	D84.9
4A00.0	D71
4A00.00	D71
4A00.0Y	D71
4A00.0Z	D71
4A00.1	D84.1
4A00.10	D84.1
4A00.11	D84.1
4A00.12	D84.1
4A00.13	D84.1
4A00.14	D84.1
4A00.15	D84.1
4A00.1Y	D84.1
4A00.1Z	D84.1
4A00.2	D84.8
4A00.3	D84.8
4A00.Y	D84.9
4A00.Z	D84.9
4A01	D84.9
4A01.0	D80.9
4A01.00	D80.0
4A01.01	D80.1
4A01.02	D80.6
4A01.03	D80.7
4A01.04	D80.9
4A01.05	D80.5
4A01.0Y	D80.9
4A01.0Z	D80.9
4A01.1	D81.9
4A01.10	D81.9
4A01.11	D81.6
4A01.12	D81.7
4A01.1Y	D81.9
4A01.1Z	D81.9
4A01.2	D76.3
4A01.20	D89.8
4A01.21	D89.8
4A01.22	D76.3
4A01.23	D76.1
4A01.2Y	D76.3
4A01.2Z	D76.3
4A01.3	D84.9
4A01.30	D84.9
4A01.31	D84.9
4A01.32	D84.9
4A01.33	D89.8
4A01.34	D82.4
4A01.Z	D84.9
4A0Y	D84.9
4A0Z	D84.9
4A20	D89.9
4A20.0	D89.9
4A20.1	D89.9
4A20.Y	D89.9
4A20.Z	D89.9
4A40	L93
4A40.0	M32
4A40.00	M32.1
4A40.0Y	M32.8
4A40.0Z	M32
4A40.1	M32.0
4A40.Y	L93
4A40.Z	L93
4A41	M33.9
4A41.0	M33.1
4A41.00	M33.1
4A41.01	M33.0
4A41.0Z	M33.1
4A41.1	M33.2
4A41.10	M33.2
4A41.11	M33.2
4A41.1Y	M33.2
4A41.1Z	M33.2
4A41.2	G72.8
4A41.20	G72.4
4A41.21	G72.8
4A41.2Z	G72.8
4A41.Y	M33.9
4A41.Z	M33.9
4A42	M34
4A42.0	M34
4A42.1	M34.0
4A42.2	M34.1
4A42.Z	M34
4A43	M35.1
4A43.0	M35.8
4A43.1	K11.8
4A43.2	M35.0
4A43.20	M35.0
4A43.21	M35.0
4A43.22	M35.0
4A43.2Y	M35.0
4A43.2Z	M35.0
4A43.3	M35.1
4A43.4	M35.4
4A43.Y	M35.1
4A43.Z	M35.1
4A44.0	M35.3
4A44.1	M31.4
4A44.2	M31.6
4A44.4	M30
4A44.5	M30.3
4A44.6	I77.8
4A44.7	I67.7
4A44.8	I73.1
4A44.9	I77.6
4A44.90	D89.1
4A44.91	M31.8
4A44.92	D69.0
4A44.9Y	I77.6
4A44.9Z	I77.6
4A44.A	I77.6
4A44.A0	M31.7
4A44.A1	M31.3
4A44.A2	M30.1
4A44.AY	I77.6
4A44.AZ	I77.6
4A44.B	M31.0
4A44.B0	M31.0
4A44.BY	M31.0
4A44.BZ	M31.0
4A45	D68.6
4A45.0	D68.6
4A45.1	D68.6
4A45.2	D68.6
4A45.3	D68.6
4A45.Z	D68.6
4A60	D89.9
4A60.0	D89.8
4A60.1	D89.8
4A60.2	D89.8
4A60.Y	D89.9
4A60.Z	D89.9
4A61	M86.3
4A62	M35.2
4A6Y	D89.9
4A6Z	D89.9
4A80	J39.3
4A80.0	J39.3
4A80.1	J39.3
4A80.Y	J39.3
4A80.Z	J39.3
4A81	T78.4
4A82	T78.4
4A83	T78.4
4A83.0	T78.4
4A83.1	T78.4
4A83.Y	T78.4
4A83.Z	T78.4
4A84	T78.2
4A84.0	T78.0
4A84.1	T88.6
4A84.2	T63.4
4A84.3	T78.2
4A84.30	T78.2
4A84.31	T78.2
4A84.3Y	T78.2
4A84.3Z	T78.2
4A84.4	T78.2
4A84.5	T78.2
4A84.6	T78.2
4A84.Y	T78.2
4A84.Z	T78.2
4A85	T78.4
4A85.0	T78.4
4A85.00	K71
4A85.01	T78.4
4A85.02	D69.5
4A85.03	D69.0
4A85.04	T78.4
4A85.0Y	T78.4
4A85.0Z	T78.4
4A85.1	T78.4
4A85.2	T78.1
4A85.20	K52.2
4A85.21	T78.1
4A85.22	L23.6
4A85.2Y	T78.1
4A85.2Z	T78.1
4A85.3	T78.4
4A85.30	T63.4
4A85.31	T63.4
4A85.32	T63.4
4A85.Y	T78.4
4A85.Z	T78.4
4A8Y	T78.4
4A8Z	T78.4
4B00	D89.9
4B00.0	D89.9
4B00.00	D89.9
4B00.01	D89.9
4B00.0Z	D89.9
4B00.1	D89.9
4B00.10	D72.0
4B00.11	D72.8
4B00.1Z	D89.9
4B00.Y	D89.9
4B01	D89.9
4B01.0	D72.0
4B01.00	D72.0
4B01.01	D72.0
4B01.02	D72.0
4B01.03	D72.0
4B01.0Y	D72.0
4B01.0Z	D72.0
4B01.1	D72.8
4B01.Z	D89.9
4B02	D89.9
4B02.0	D72.0
4B02.1	D72.8
4B02.Z	D89.9
4B03	D72.1
4B03.0	D72.1
4B03.1	D72.1
4B03.Z	D72.1
4B04	D72.8
4B05	D72.8
4B06	D72.8
4B07	D72.8
4B0Y	D89.9
4B0Z	D89.9
4B20	D86.9
4B20.0	D86.0
4B20.1	D86.1
4B20.2	D86.9
4B20.3	D86.9
4B20.4	D86.9
4B20.5	D86.3
4B20.Y	D86.9
4B20.Z	D86.9
4B21	D89.0
4B22	D89.1
4B23	D89.3
4B24	D89.9
4B24.0	T86.0
4B24.1	T86.0
4B24.Y	D89.9
4B24.Z	D89.9
4B2Y	D89.9
4B40	E32.9
4B40.0	E32.0
4B40.1	E32.1
4B40.2	E32
4B40.Y	E32.9
4B40.Z	E32.9
4B4Y	D89.9
4B4Z	D89.9
5A00	E03.9
5A00.0	E03.9
5A00.00	E03.0
5A00.01	E03.1
5A00.02	E03.9
5A00.03	E03.9
5A00.04	E00.9
5A00.0Y	E03.9
5A00.0Z	E03.9
5A00.1	E01.8
5A00.10	E01.0
5A00.11	E01.1
5A00.1Z	E01.8
5A00.2	E03.9
5A00.20	E03.2
5A00.21	E03.5
5A00.22	E02
5A00.2Y	E03.9
5A00.2Z	E03.9
5A00.Z	E03.9
5A01	E04.9
5A01.0	E04.0
5A01.1	E04.1
5A01.2	E04.2
5A01.Z	E04.9
5A02	E05
5A02.0	E05.0
5A02.1	E05.1
5A02.2	E05.2
5A02.3	E05.3
5A02.4	E05.4
5A02.5	E05.5
5A02.6	E05
5A02.Y	E05.8
5A02.Z	E05
5A03	E06.9
5A03.0	E06.0
5A03.1	E06.1
5A03.2	E06.3
5A03.20	E06.3
5A03.21	E06.3
5A03.2Y	E06.3
5A03.2Z	E06.3
5A03.Y	E06.9
5A03.Z	E06.9
5A04	E07.0
5A05	E07
5A06	E07
5A0Y	E07.9
5A0Z	E07.9
5A11	E11
5A12	E12
5A13	E13
5A13.0	E13
5A13.1	E13
5A13.2	E13
5A13.3	E13
5A13.4	E13
5A13.5	E13
5A13.6	E13
5A13.7	E13
5A13.Y	E13.8
5A14	E14
5A22	E14.1
5A22.0	E14.1
5A22.1	E14.1
5A22.2	E14.1
5A22.Y	E14.1
5A22.Z	E14.1
5A40	E16.9
5A40.0	E16.9
5A40.1	E16.9
5A40.Y	E16.9
5A40.Z	E16.9
5A41	E16.2
5A42	E16.3
5A43	E16.4
5A43.0	E16.4
5A43.1	E16.4
5A43.Y	E16.4
5A43.Z	E16.4
5A45	E16.1
5A4Y	E16.9
5A4Z	E16.9
5A50	E20.9
5A50.0	E20.9
5A50.00	E20.0
5A50.01	E20.9
5A50.02	E20.9
5A50.03	E20.9
5A50.0Y	E20.9
5A50.0Z	E20.9
5A50.1	E20.1
5A50.Y	E20.9
5A50.Z	E20.9
5A51.0	E21.0
5A51.1	E21.1
5A51.2	E21.2
5A60	E22.9
5A60.0	E22.0
5A60.1	E22.1
5A60.2	E22.2
5A60.20	E22.2
5A60.2Y	E22.2
5A60.2Z	E22.2
5A60.3	E22.8
5A60.Y	E22.9
5A60.Z	E22.9
5A61	E23
5A61.0	E23.0
5A61.1	E23
5A61.2	E23
5A61.3	E23
5A61.4	E23
5A61.40	E23
5A61.41	E23
5A61.4Y	E23
5A61.4Z	E23
5A61.5	E23.2
5A61.6	E23
5A61.Y	E23
5A70	E24.9
5A70.0	E24.0
5A70.1	E24.3
5A70.2	E24.9
5A70.3	E24.1
5A70.Y	E24.9
5A70.Z	E24.9
5A71	E25.9
5A71.0	E25.9
5A71.00	E25.9
5A71.01	E25.0
5A71.0Y	E25.9
5A71.0Z	E25.9
5A71.1	E25.9
5A71.Y	E25.9
5A71.Z	E25.9
5A72	E26.9
5A72.0	E26.0
5A72.1	E26.1
5A72.Z	E26.9
5A73	E27.4
5A74	E27.4
5A74.0	E27.1
5A74.1	E27.2
5A74.Y	E27.4
5A74.Z	E27.4
5A75	E27.5
5A76	E27.8
5A76.0	E27.0
5A76.Y	E27.8
5A80	E28.9
5A80.0	E28.1
5A80.1	E28.2
5A80.2	E28.9
5A80.3	E28.9
5A80.4	E28.9
5A80.5	E28.9
5A80.Y	E28.9
5A80.Z	E28.9
5A81	E29.9
5A81.0	E29.0
5A81.1	E29.1
5A81.Y	E29.9
5A81.Z	E29.9
5A90	E30.9
5A91	E30.0
5A92	E30.1
5A9Y	E30.9
5A9Z	E30.9
5B00	E31.0
5B01	E31.1
5B0Y	E31.9
5B0Z	E31.9
5B10	E34.0
5B11	E34.3
5B12	E34.4
5B50	E46
5B51	E46
5B52	E46
5B53	E46
5B54	E46
5B55	E50.9
5B55.0	E50.5
5B55.1	E50.0
5B55.2	E50.1
5B55.3	E50.2
5B55.4	E50.3
5B55.5	E50.6
5B55.Y	E50.9
5B55.Z	E50.9
5B56	E54
5B56.0	E54
5B56.Y	E54
5B56.Z	E54
5B57	E55.9
5B57.0	E55.0
5B57.1	E55.9
5B57.Y	E55.9
5B57.Z	E55.9
5B58	E56.0
5B59	E56.1
5B5A	E51.9
5B5A.0	E51.1
5B5A.00	E51.1
5B5A.01	E51.1
5B5A.0Z	E51.1
5B5A.1	E51.9
5B5A.10	E51.2
5B5A.11	E51.9
5B5A.1Y	E51.9
5B5A.1Z	E51.9
5B5A.Y	E51.9
5B5A.Z	E51.9
5B5B	E53.0
5B5C	E52
5B5C.0	E52
5B5C.Y	E52
5B5C.Z	E52
5B5D	E53.1
5B5E	E53.8
5B5F	E53.8
5B5G	E53.8
5B5H	E53.8
5B5J	E53.8
5B5K	E61.9
5B5K.0	E61.1
5B5K.1	E58
5B5K.10	E58
5B5K.1Y	E58
5B5K.1Z	E58
5B5K.2	E60
5B5K.3	E61.8
5B5K.4	E61.8
5B5K.5	E61.8
5B5K.6	E61.0
5B5K.7	E59
5B5K.8	E61.4
5B5K.9	E61.3
5B5K.A	E61.5
5B5K.B	E61.6
5B5K.Y	E61.9
5B5K.Z	E61.9
5B60	E64.0
5B61	E64
5B62	E64.2
5B63	E64
5B6Y	E64.8
5B6Z	E64
5B70	E63.0
5B71	E63
5B7Y	E90
5B7Z	E90
5B80.0	E66.9
5B80.00	E66.9
5B80.01	E66.9
5B80.0Z	E66.9
5B80.1	E65
5B81	E66
5B81.0	E66.0
5B81.00	E66.0
5B81.01	E66.0
5B81.1	E66.1
5B81.Y	E66.8
5B81.Z	E66
5B90	E67
5B90.0	E67.0
5B90.1	E67.1
5B90.2	E67.3
5B90.3	E67.2
5B90.Y	E67
5B90.Z	E67
5B91	E67
5B91.0	E67
5B91.1	E67.8
5B91.2	E67.8
5B91.3	E67.8
5B91.4	E67.8
5B91.5	E67.8
5B91.Y	E67
5B91.Z	E67
5B9Y	E67.8
5B9Z	E67
5C3Y	E90
5C3Z	E90
5C50	E88.9
5C50.0	E70
5C50.00	E70.0
5C50.01	E70.1
5C50.02	E70.1
5C50.0Y	E70.8
5C50.0Z	E70
5C50.1	E70.2
5C50.10	E70.2
5C50.11	E70.2
5C50.12	E70.2
5C50.1Y	E70.2
5C50.1Z	E70.2
5C50.2	E70.8
5C50.20	E70.8
5C50.21	E70.8
5C50.2Y	E70.8
5C50.2Z	E70.8
5C50.3	E70.8
5C50.4	E72.3
5C50.5	E72.8
5C50.6	E72.8
5C50.7	E72.5
5C50.70	E72.5
5C50.71	E72.5
5C50.7Y	E72.5
5C50.7Z	E72.5
5C50.8	E72.8
5C50.9	E72.4
5C50.A	E72.2
5C50.A0	E72.2
5C50.A1	E72.2
5C50.A2	E72.2
5C50.A3	E72.2
5C50.AY	E72.2
5C50.AZ	E72.2
5C50.B	E72.1
5C50.C	E72.8
5C50.D	E71.2
5C50.D0	E71.0
5C50.DY	E71.2
5C50.DZ	E71.2
5C50.E	E71.1
5C50.E0	E71.1
5C50.E1	E71.1
5C50.EY	E71.1
5C50.EZ	E71.1
5C50.F	E88.9
5C50.F0	E72.8
5C50.F1	E70.8
5C50.F2	E72.8
5C50.FY	E88.9
5C50.FZ	E88.9
5C50.G	E88.8
5C50.Y	E88.9
5C50.Z	E88.9
5C51	E74.9
5C51.0	E74.9
5C51.1	E74.9
5C51.2	E74.9
5C51.20	E74.9
5C51.2Y	E74.9
5C51.2Z	E74.9
5C51.3	E74.0
5C51.4	E74.2
5C51.40	E74.2
5C51.41	E74.2
5C51.42	E74.2
5C51.4Y	E74.2
5C51.4Z	E74.2
5C51.5	E74.1
5C51.50	E74.1
5C51.5Y	E74.1
5C51.5Z	E74.1
5C51.Y	E74.9
5C51.Z	E74.9
5C52	E75
5C52.0	E71.3
5C52.00	E71.3
5C52.01	E71.3
5C52.02	E71.3
5C52.03	E71.3
5C52.0Y	E71.3
5C52.0Z	E71.3
5C52.1	E75
5C52.10	E75
5C52.11	E75
5C52.1Y	E75
5C52.1Z	E75
5C52.2	E75
5C52.Y	E75
5C52.Z	E75
5C53	E88.9
5C53.0	E74.4
5C53.00	E74.4
5C53.01	E74.4
5C53.02	E74.4
5C53.03	E74.4
5C53.0Y	E74.4
5C53.0Z	E74.4
5C53.1	E88.8
5C53.2	E88.8
5C53.20	E88.8
5C53.21	E88.8
5C53.22	E88.8
5C53.23	E88.8
5C53.24	G31.8
5C53.25	E88.8
5C53.2Y	E88.8
5C53.2Z	E88.8
5C53.3	E88.8
5C53.30	E88.8
5C53.31	E88.8
5C53.3Y	E88.8
5C53.3Z	E88.8
5C53.4	E72.8
5C53.Y	E88.9
5C53.Z	E88.9
5C54	E88.9
5C54.0	E77.8
5C54.1	E77.8
5C54.2	E77.8
5C54.Y	E88.9
5C54.Z	E88.9
5C55	E79
5C55.0	E79
5C55.00	E79.8
5C55.01	E79.1
5C55.0Y	E79
5C55.0Z	E79
5C55.1	E79
5C55.2	E79
5C55.Y	E79.8
5C55.Z	E79
5C56	E88.9
5C56.0	E75.3
5C56.00	E75.3
5C56.01	E75.3
5C56.02	E75.2
5C56.0Y	E75.3
5C56.0Z	E75.3
5C56.1	E75.4
5C56.2	E77.9
5C56.20	E77.9
5C56.21	E77.9
5C56.2Y	E77.9
5C56.2Z	E77.9
5C56.3	E76.3
5C56.30	E76.0
5C56.31	E76.1
5C56.32	E76.2
5C56.33	E76.2
5C56.3Y	E76.3
5C56.3Z	E76.3
5C56.4	E77.1
5C56.Y	E88.9
5C56.Z	E88.9
5C57	E88.9
5C57.0	Q87.8
5C57.1	Q87.8
5C57.Y	E88.9
5C57.Z	E88.9
5C58	E80
5C58.0	E80.7
5C58.00	E80.5
5C58.01	E80.4
5C58.02	E80.6
5C58.03	K76.8
5C58.04	K83.1
5C58.0Y	E80.7
5C58.0Z	E80.7
5C58.1	E80
5C58.10	E80.1
5C58.12	E80.0
5C58.13	E80.2
5C58.1Y	E80
5C58.1Z	E80
5C58.Y	E80
5C58.Z	E80
5C59	E88.8
5C59.0	E88.8
5C59.00	E88.8
5C59.01	E88.8
5C59.0Y	E88.8
5C59.0Z	E88.8
5C59.1	E88.8
5C59.2	E88.8
5C59.Y	E88.8
5C59.Z	E88.8
5C5A	E88.0
5C5Y	E88.9
5C5Z	E88.9
5C60	E72.0
5C60.0	E72.0
5C60.1	E72.0
5C60.2	E72.0
5C60.Y	E72.0
5C60.Z	E72.0
5C61	E88.9
5C61.0	E74.3
5C61.1	E74.3
5C61.2	E74.3
5C61.3	E74.8
5C61.4	E74.3
5C61.40	E74.1
5C61.4Y	E74.3
5C61.4Z	E74.3
5C61.5	E74.8
5C61.6	E73.9
5C61.60	E73.9
5C61.61	E73.0
5C61.62	E73.1
5C61.6Z	E73.9
5C61.Y	E88.9
5C61.Z	E88.9
5C62	E78.8
5C63	E88.8
5C63.0	E88.8
5C63.1	E88.8
5C63.2	E88.8
5C63.20	E88.8
5C63.21	E88.8
5C63.22	E88.8
5C63.2Y	E88.8
5C63.2Z	E88.8
5C63.Y	E88.8
5C63.Z	E88.8
5C64	E83.9
5C64.0	E83.0
5C64.00	E83.0
5C64.0Y	E83.0
5C64.0Z	E83.0
5C64.1	E83.1
5C64.10	E83.1
5C64.1Y	E83.1
5C64.1Z	E83.1
5C64.2	E83.2
5C64.20	E83.2
5C64.21	E83.2
5C64.2Y	E83.2
5C64.2Z	E83.2
5C64.3	E83.3
5C64.4	E83.4
5C64.40	E83.4
5C64.41	E61.2
5C64.4Z	E83.4
5C64.5	E83.5
5C64.6	E83.9
5C64.7	E83.9
5C64.Y	E83.9
5C64.Z	E83.9
5C6Y	E88.9
5C6Z	E88.9
5C70	E86
5C70.0	E86
5C70.1	E86
5C70.Y	E86
5C70.Z	E86
5C71	E87.0
5C72	E87.1
5C73	E87.2
5C73.0	E87.2
5C73.1	E87.2
5C73.2	E87.2
5C73.Y	E87.2
5C73.Z	E87.2
5C74	E87.3
5C75	E87.4
5C76	E87.5
5C77	E87.6
5C78	E87.7
5C7Y	E88.9
5C7Z	E88.9
5C80	E78.5
5C80.0	E78.5
5C80.00	E78.0
5C80.01	E78.5
5C80.0Z	E78.5
5C80.1	E78.1
5C80.2	E78.2
5C80.3	E78.5
5C80.Y	E78.5
5C80.Z	E78.5
5C81	E78.6
5C81.0	E78.6
5C81.1	E78.6
5C81.Y	E78.6
5C81.Z	E78.6
5C8Y	E78.9
5C8Z	E78.9
5C90	E88.9
5C90.0	E88.9
5C90.1	E88.9
5C90.2	E88.9
5C90.3	E75
5C90.4	E88.9
5C90.5	E83
5C90.Y	E88.9
5C90.Z	E88.9
5D00	E85
5D00.0	E85.8
5D00.1	E85.3
5D00.2	E85.2
5D00.20	E85.1
5D00.21	E85.0
5D00.2Y	E85.2
5D00.2Z	E85.2
5D00.3	E85
5D00.Y	E85.8
5D00.Z	E85
5D01	E88.3
5D0Y	E88.8
5D2Z	E88.9
5D40	E89.0
5D40.0	E89.0
5D40.00	E89.0
5D40.0Y	E89.0
5D40.0Z	E89.0
5D40.Y	E89.0
5D40.Z	E89.0
5D41	E89.1
5D42	E89.2
5D43	E89.3
5D44	E89.4
5D45	E89.5
5D46	E89.6
6A00.0	F70
6A00.1	F71
6A00.2	F72
6A00.3	F73
6A01.0	F80.0
6A01.1	F80.8
6A01.2	F80.9
6A01.20	F80.2
6A01.21	F80.1
6A01.22	F80.8
6A01.23	F80.8
6A03	F81.9
6A03.0	F81.0
6A03.1	F81.1
6A03.2	F81.2
6A03.3	F81.9
6A03.Z	F81.9
6A04	F82
6A06	F98.4
6A06.0	F98.4
6A06.1	F98.4
6A06.Z	F98.4
6A20	F20.9
6A20.0	F20.9
6A20.00	F20.9
6A20.01	F20.9
6A20.02	F20.9
6A20.0Z	F20.9
6A20.1	F20.9
6A20.10	F20.9
6A20.11	F20.9
6A20.12	F20.9
6A20.1Z	F20.9
6A20.2	F20.9
6A20.20	F20.9
6A20.21	F20.9
6A20.22	F20.9
6A20.2Z	F20.9
6A20.Y	F20.9
6A20.Z	F20.9
6A21	F25
6A21.0	F25
6A21.00	F25
6A21.01	F25
6A21.02	F25
6A21.0Z	F25
6A21.1	F25
6A21.10	F25
6A21.11	F25
6A21.12	F25
6A21.1Z	F25
6A21.2	F25
6A21.20	F25
6A21.21	F25
6A21.22	F25
6A21.2Z	F25
6A21.Y	F25.8
6A21.Z	F25
6A22	F21
6A23	F23.9
6A23.0	F23.9
6A23.00	F23.9
6A23.01	F23.9
6A23.02	F23.9
6A23.0Z	F23.9
6A23.1	F23.9
6A23.10	F23.9
6A23.11	F23.9
6A23.12	F23.9
6A23.1Z	F23.9
6A23.Y	F23.9
6A23.Z	F23.9
6A24	F22.9
6A24.0	F22.9
6A24.1	F22.9
6A24.2	F22.9
6A24.Z	F22.9
6A40	F06.1
6A41	F06.1
6A4Z	F06.1
6A60	F31
6A60.0	F31.1
6A60.1	F31.2
6A60.2	F31.0
6A60.3	F31.3
6A60.4	F31
6A60.5	F31
6A60.6	F31.4
6A60.7	F31.5
6A60.8	F31
6A60.9	F31.6
6A60.A	F31
6A60.B	F31
6A60.C	F31
6A60.D	F31
6A60.E	F31
6A60.F	F31.7
6A60.Y	F31.8
6A60.Z	F31
6A61	F31
6A61.0	F31
6A61.1	F31
6A61.2	F31
6A61.3	F31
6A61.4	F31
6A61.5	F31
6A61.6	F31
6A61.7	F31
6A61.8	F31
6A61.9	F31
6A61.A	F31
6A61.Y	F31.8
6A61.Z	F31
6A62	F34.0
6A6Y	F31.9
6A6Z	F31.9
6A70	F32
6A70.0	F32.0
6A70.1	F32.1
6A70.2	F32
6A70.3	F32.2
6A70.4	F32.3
6A70.5	F32
6A70.6	F32
6A70.7	F32
6A70.Y	F32.8
6A70.Z	F32
6A71	F33
6A71.0	F33.0
6A71.1	F33.1
6A71.2	F33
6A71.3	F33.2
6A71.4	F33.3
6A71.5	F33
6A71.6	F33
6A71.7	F33.4
6A71.Y	F33.8
6A71.Z	F33
6A72	F34.1
6A73	F41.2
6A7Y	F32.9
6A7Z	F32.9
6A80	F30.9
6A80.0	F30.9
6A80.1	F30.9
6A80.2	F30.9
6A80.3	F30.9
6A80.4	F30.9
6A80.5	F30.9
6A8Y	F30.9
6A8Z	F30.9
6B00	F41.1
6B01	F41.0
6B02	F40.0
6B03	F40.2
6B04	F40.1
6B05	F93.0
6B06	F94.0
6B0Y	F41.8
6B0Z	F41
6B20	F42
6B20.0	F42
6B20.1	F42
6B20.Z	F42
6B21	F45.2
6B21.0	F45.2
6B21.1	F45.2
6B21.Z	F45.2
6B22	F42.8
6B22.0	F42.8
6B22.1	F42.8
6B22.Z	F42.8
6B23	F45.2
6B23.0	F45.2
6B23.1	F45.2
6B23.Z	F45.2
6B24	F63.8
6B24.0	F63.8
6B24.1	F63.8
6B24.Z	F63.8
6B25	F42.8
6B25.0	F63.3
6B25.1	L98.1
6B25.Y	F42.8
6B25.Z	F42.8
6B40	F43.1
6B41	F62.0
6B42	F43
6B43	F43.2
6B44	F94.1
6B45	F94.2
6B4Y	F43.8
6B4Z	F43
6B60	F48.9
6B60.0	F48.9
6B60.1	F48.9
6B60.2	F48.9
6B60.3	F44.6
6B60.4	F44.5
6B60.5	F48.9
6B60.6	F48.9
6B60.7	F48.9
6B60.8	F44.4
6B60.80	F44.4
6B60.81	F44.4
6B60.82	F44.4
6B60.83	F44.4
6B60.84	F44.4
6B60.85	F44.4
6B60.8Y	F44.4
6B60.8Z	F44.4
6B60.9	F48.9
6B60.Y	F48.9
6B60.Z	F48.9
6B61	F44.0
6B61.0	F44.1
6B61.1	F44.0
6B61.Z	F44.0
6B62	F48.9
6B63	F44.3
6B64	F48.9
6B65	F48.9
6B66	F48.1
6B6Y	F48.9
6B6Z	F48.9
6B80	F50
6B80.0	F50
6B80.00	F50
6B80.01	F50
6B80.0Z	F50
6B80.1	F50
6B80.10	F50
6B80.11	F50
6B80.1Z	F50
6B80.2	F50
6B80.Y	F50.8
6B80.Z	F50
6B81	F50
6B82	F50.9
6B83	F50.9
6B84	F98.3
6B85	F50.9
6B8Y	F50.9
6B8Z	F50.9
6C00	F98.0
6C00.0	F98.0
6C00.1	F98.0
6C00.2	F98.0
6C00.Z	F98.0
6C20	F45
6C20.0	F45
6C20.1	F45
6C20.2	F45
6C20.Z	F45
6C40	F10.9
6C40.0	F10.9
6C40.1	F10.1
6C40.10	F10.1
6C40.11	F10.1
6C40.1Z	F10.1
6C40.2	F10.2
6C40.20	F10.2
6C40.21	F10.2
6C40.22	F10.2
6C40.23	F10.2
6C40.24	F10.2
6C40.2Z	F10.2
6C40.3	F10.0
6C40.4	F10.3
6C40.40	F10.3
6C40.41	F10.3
6C40.42	F10.3
6C40.43	F10.3
6C40.4Z	F10.3
6C40.5	F10.4
6C40.6	F10.5
6C40.60	F10.5
6C40.61	F10.5
6C40.62	F10.5
6C40.6Z	F10.5
6C40.7	F10.9
6C40.70	F10.9
6C40.71	F10.9
6C40.Y	F10.9
6C40.Z	F10.9
6C41	F12
6C41.0	F12
6C41.1	F12.1
6C41.10	F12.1
6C41.11	F12.1
6C41.1Z	F12.1
6C41.2	F12.2
6C41.20	F12.2
6C41.21	F12.2
6C41.22	F12.2
6C41.23	F12.2
6C41.2Z	F12.2
6C41.3	F12.0
6C41.4	F12.3
6C41.5	F12.4
6C41.6	F12
6C41.7	F12
6C41.70	F12
6C41.71	F12
6C41.Y	F12.8
6C41.Z	F12
6C42	F12.9
6C42.0	F12.1
6C42.1	F12.1
6C42.10	F12.1
6C42.11	F12.1
6C42.1Y	F12.1
6C42.1Z	F12.1
6C42.2	F12.2
6C42.20	F12.2
6C42.21	F12.2
6C42.22	F12.2
6C42.23	F12.2
6C42.2Y	F12.2
6C42.2Z	F12.2
6C42.3	F12.0
6C42.4	F12.3
6C42.5	F12.4
6C42.6	F12
6C42.7	F12.9
6C42.70	F12.9
6C42.71	F12.8
6C42.Y	F12.9
6C42.Z	F12.9
6C43	F11.9
6C43.0	F11.9
6C43.1	F11.1
6C43.10	F11.1
6C43.11	F11.1
6C43.1Z	F11.1
6C43.2	F11.2
6C43.20	F11.2
6C43.21	F11.2
6C43.22	F11.2
6C43.23	F11.2
6C43.2Z	F11.2
6C43.3	F11.0
6C43.4	F11.3
6C43.5	F11.4
6C43.6	F11
6C43.7	F11.9
6C43.70	F11.9
6C43.71	F11.9
6C43.Y	F11.9
6C43.Z	F11.9
6C44	F13.9
6C44.0	F13.9
6C44.1	F13.1
6C44.10	F13.1
6C44.11	F13.1
6C44.1Z	F13.1
6C44.2	F13.2
6C44.20	F13.2
6C44.21	F13.2
6C44.22	F13.2
6C44.23	F13.2
6C44.2Z	F13.2
6C44.3	F13.0
6C44.4	F13.3
6C44.40	F13.3
6C44.41	F13.3
6C44.42	F13.3
6C44.43	F13.3
6C44.4Z	F13.3
6C44.5	F13.4
6C44.6	F13
6C44.7	F13.9
6C44.70	F13.8
6C44.71	F13.8
6C44.Y	F13.9
6C44.Z	F13.9
6C45	F14.9
6C45.0	F14.9
6C45.1	F14.1
6C45.10	F14.1
6C45.11	F14.1
6C45.1Z	F14.1
6C45.2	F14.2
6C45.20	F14.2
6C45.21	F14.2
6C45.22	F14.2
6C45.23	F14.2
6C45.2Z	F14.2
6C45.3	F14.0
6C45.4	F14.3
6C45.5	F14.4
6C45.6	F14
6C45.60	F14
6C45.61	F14
6C45.62	F14
6C45.6Z	F14
6C45.7	F14.9
6C45.70	F14.9
6C45.71	F14.9
6C45.72	F14.9
6C45.73	F14.9
6C45.Y	F14.9
6C45.Z	F14.9
6C46	F15.9
6C46.0	F15.9
6C46.1	F15.1
6C46.10	F15.1
6C46.11	F15.1
6C46.1Z	F15.1
6C46.2	F15.2
6C46.20	F15.2
6C46.21	F15.2
6C46.22	F15.2
6C46.23	F15.2
6C46.2Z	F15.2
6C46.3	F15.0
6C46.4	F15.3
6C46.5	F15.4
6C46.6	F15
6C46.60	F15
6C46.61	F15
6C46.62	F15
6C46.6Z	F15
6C46.7	F15.9
6C46.70	F15.8
6C46.71	F15.8
6C46.72	F15.8
6C46.73	F15.9
6C46.Y	F15.9
6C46.Z	F15.9
6C47	F12.9
6C47.0	F19.1
6C47.1	F19.1
6C47.10	F19.1
6C47.11	F19.1
6C47.1Y	F19.1
6C47.1Z	F19.1
6C47.2	F19.2
6C47.20	F19.2
6C47.21	F19.2
6C47.22	F19.2
6C47.23	F19.2
6C47.2Y	F19.2
6C47.2Z	F19.2
6C47.3	F19.0
6C47.4	F19
6C47.5	F19
6C47.6	F19.5
6C47.60	F19.5
6C47.61	F19.5
6C47.62	F19.5
6C47.6Z	F19.5
6C47.7	F12.9
6C47.70	F19
6C47.71	F19.8
6C47.72	F19
6C47.73	F12.9
6C47.Y	F12.9
6C47.Z	F12.9
6C48	F15
6C48.0	F15
6C48.1	F15.1
6C48.10	F15.1
6C48.11	F15.1
6C48.1Z	F15.1
6C48.2	F15.0
6C48.3	F15.3
6C48.4	F15
6C48.40	F15
6C48.Y	F15.8
6C48.Z	F15
6C49	F16.9
6C49.0	F16.9
6C49.1	F16.1
6C49.10	F16.1
6C49.11	F16.1
6C49.1Z	F16.1
6C49.2	F16.2
6C49.20	F16.2
6C49.21	F16.2
6C49.22	F16.2
6C49.23	F16.2
6C49.2Z	F16.2
6C49.3	F16.0
6C49.4	F16.9
6C49.5	F16
6C49.6	F16.9
6C49.60	F16.9
6C49.61	F16.9
6C49.Y	F16.9
6C49.Z	F16.9
6C4A	F17.9
6C4A.0	F17.9
6C4A.1	F17.1
6C4A.10	F17.1
6C4A.11	F17.1
6C4A.1Z	F17.1
6C4A.2	F17.2
6C4A.20	F17.2
6C4A.21	F17.2
6C4A.22	F17.2
6C4A.23	F17.2
6C4A.2Z	F17.2
6C4A.3	F17.0
6C4A.4	F17
6C4A.Y	F17.9
6C4A.Z	F17.9
6C4B	F18.9
6C4B.0	F18.9
6C4B.1	F18.1
6C4B.10	F18.1
6C4B.11	F18.1
6C4B.1Z	F18.1
6C4B.2	F18.2
6C4B.20	F18.2
6C4B.21	F18.2
6C4B.22	F18.2
6C4B.23	F18.2
6C4B.2Z	F18.2
6C4B.3	F18.0
6C4B.4	F18.3
6C4B.5	F18.4
6C4B.6	F18
6C4B.7	F18.9
6C4B.70	F18.9
6C4B.71	F18.9
6C4B.Y	F18.9
6C4B.Z	F18.9
6C4C	F15
6C4C.0	F15.8
6C4C.1	F15.1
6C4C.10	F15.1
6C4C.11	F15.1
6C4C.1Z	F15.1
6C4C.2	F15.2
6C4C.20	F15.2
6C4C.21	F15.2
6C4C.22	F15.2
6C4C.23	F15.2
6C4C.2Z	F15.2
6C4C.3	F15.0
6C4C.4	F15.3
6C4C.5	F15.4
6C4C.6	F15.5
6C4C.7	F15
6C4C.70	F15.8
6C4C.71	F15.8
6C4C.Y	F15.8
6C4C.Z	F15
6C4D	F19
6C4D.0	F19
6C4D.1	F19.1
6C4D.10	F19.1
6C4D.11	F19.1
6C4D.1Z	F19.1
6C4D.2	F19.2
6C4D.20	F19.2
6C4D.21	F19.2
6C4D.22	F19.2
6C4D.23	F19.2
6C4D.2Z	F19.2
6C4D.3	F19.0
6C4D.4	F19
6C4D.5	F19
6C4D.6	F19
6C4D.60	F19
6C4D.61	F19
6C4D.Y	F19.8
6C4D.Z	F19
6C4E	F19.9
6C4E.0	F19.9
6C4E.1	F19.1
6C4E.10	F19.1
6C4E.11	F19.1
6C4E.1Z	F19.1
6C4E.2	F19.2
6C4E.20	F19.2
6C4E.21	F19.2
6C4E.22	F19.2
6C4E.23	F19.2
6C4E.2Z	F19.2
6C4E.3	F19.0
6C4E.4	F19
6C4E.40	F19
6C4E.41	F19
6C4E.42	F19
6C4E.43	F19
6C4E.4Z	F19
6C4E.5	F19
6C4E.6	F19
6C4E.7	F19.9
6C4E.70	F19.9
6C4E.71	F19.9
6C4E.72	F19.9
6C4E.73	F19.9
6C4E.Y	F19.9
6C4E.Z	F19.9
6C4G	F19
6C4G.0	F19
6C4G.1	F19.1
6C4G.10	F19.1
6C4G.11	F19.1
6C4G.1Z	F19.1
6C4G.2	F19.2
6C4G.20	F19.2
6C4G.21	F19.2
6C4G.22	F19.2
6C4G.23	F19.2
6C4G.2Z	F19.2
6C4G.3	F19.0
6C4G.4	F19
6C4G.40	F19
6C4G.41	F19
6C4G.42	F19
6C4G.43	F19
6C4G.4Z	F19
6C4G.5	F19
6C4G.6	F19
6C4G.7	F19
6C4G.70	F19
6C4G.71	F19
6C4G.72	F19
6C4G.73	F19
6C4G.Y	F19.8
6C4G.Z	F19
6C4H	F19
6C4H.0	F19
6C4H.1	F55
6C4H.10	F55
6C4H.11	F55
6C4H.1Z	F55
6C4H.Y	F19.8
6C4H.Z	F19
6C50	F63.0
6C50.0	F63.0
6C50.1	F63.0
6C50.Z	F63.0
6C51	F63.8
6C51.0	F63.8
6C51.1	F63.8
6C51.Z	F63.8
6C5Y	F63.8
6C5Z	F63.8
6C70	F63.1
6C71	F63.2
6C72	F52.7
6C73	F63.8
6C7Y	F63.8
6C7Z	F63
6C90	F91.3
6C90.0	F91.3
6C90.00	F91.3
6C90.01	F91.3
6C90.0Z	F91.3
6C90.1	F91.3
6C90.10	F91.3
6C90.11	F91.3
6C90.1Z	F91.3
6C90.Z	F91.3
6C91	F91
6C91.0	F91
6C91.00	F91
6C91.01	F91
6C91.0Z	F91
6C91.1	F91
6C91.10	F91
6C91.11	F91
6C91.1Y	F91
6C91.Z	F91
6C9Y	F92.9
6C9Z	F92.9
6D10	F60.9
6D10.0	F60.9
6D10.1	F60.9
6D10.2	F60.9
6D10.Z	F60.9
6D11.0	F60.8
6D11.1	F60.8
6D11.2	F60.2
6D11.3	F60.8
6D11.4	F60.5
6D30	F65.2
6D31	F65.3
6D32	F65.4
6D33	F65.9
6D34	F65.9
6D35	F65.8
6D36	F65.5
6D3Z	F65.9
6D50	F68.1
6D51	F68
6D5Z	F68
6D70	F09
6D70.0	F05.8
6D70.1	F19.8
6D70.2	F05.8
6D70.Y	F09
6D70.Z	F09
6D71	F06.7
6D72	R41.8
6D72.0	F04
6D72.10	F10.6
6D72.11	F13.6
6D72.Y	R41.8
6D72.Z	R41.8
6D80	F00
6D80.0	F00.0
6D80.1	F00.1
6D80.2	F00.2
6D80.3	F00.2
6D80.Z	F00
6D81	F01.9
6D82	F02
6D83	F02
6D84	F02.8
6D84.0	F10.7
6D84.1	F02.8
6D84.2	F02.8
6D84.Y	F02.8
6D85	F02
6D85.0	F02.3
6D85.1	F02.2
6D85.2	F02.8
6D85.3	F02.4
6D85.4	F02.8
6D85.5	F02.8
6D85.6	F02.8
6D85.7	F02.8
6D85.8	F02
6D85.9	F02.8
6D85.Y	F02.8
6E0Y	F09
6E0Z	F09
6E20	F53
6E21	F53
6E2Z	F53
6E40	F54
6E40.0	F54
6E40.1	F54
6E40.2	F54
6E40.3	F54
6E40.4	F54
6E40.Y	F54
6E40.Z	F54
6E60	F06
6E60.0	F06
6E60.Y	F06
6E60.Z	F06
6E61	F06
6E61.0	F06.0
6E61.1	F06.2
6E61.2	F06
6E61.3	F06
6E62	F06.3
6E62.0	F06.3
6E62.1	F06.3
6E62.2	F06.3
6E62.3	F06.3
6E63	F06.4
6E64	F06
6E65	F06.5
6E66	F06
6E67	F06
6E68	F06.6
6E69	F06
6E6Y	F06.8
6E6Z	F06
07	F51.9
7A00	F51.0
7A01	F51.0
7A0Z	G47.0
7A20	G47.4
7A20.0	G47.4
7A20.1	G47.4
7A20.Z	G47.4
7A21	G47.1
7A22	G47.8
7A23	F51.9
7A24	G47.1
7A25	F51.9
7A26	F51.1
7A2Y	F51.9
7A2Z	F51.9
7A40	G47.3
7A40.0	G47.3
7A40.1	P28.3
7A40.2	G47.3
7A40.3	G47.3
7A40.4	G47.3
7A40.5	G47.3
7A40.6	G47.3
7A40.7	G47.3
7A40.Y	G47.3
7A40.Z	G47.3
7A41	G47.3
7A42	G47.3
7A42.0	E66.2
7A42.1	G47.3
7A42.2	G47.3
7A42.3	G47.3
7A42.4	G47.3
7A42.5	G47.3
7A42.6	G47.3
7A42.Y	G47.3
7A42.Z	G47.3
7A4Y	G47.3
7A4Z	G47.3
7A60	G47.2
7A61	G47.2
7A62	G47.2
7A63	G47.2
7A64	G47.2
7A65	G47.2
7A6Z	G47.2
7A80	G25.8
7A81	G25.8
7A82	R25.2
7A83	F45.8
7A84	G25.8
7A85	F51.9
7A86	F51.9
7A87	G25.8
7A88	F51.9
7A8Y	F51.9
7A8Z	F51.9
7B00	G47.8
7B00.0	G47.8
7B00.1	F51.3
7B00.2	F51.4
7B00.3	G47.8
7B00.Y	G47.8
7B00.Z	G47.8
7B01	F51.9
7B01.0	G47.8
7B01.1	G47.8
7B01.2	F51.5
7B01.Y	F51.9
7B01.Z	F51.9
7B02	F51.9
7B02.0	G47.8
7B02.1	G47.8
7B02.2	F51.9
7B02.3	G47.8
7B0Y	F51.9
7B0Z	F51.9
7B2Y	F51.9
7B2Z	F51.9
8A00.0	G20
8A00.00	G20
8A00.01	G20
8A00.0Y	G20
8A00.0Z	G20
8A00.2	G21.9
8A00.20	G21.9
8A00.21	G21.9
8A00.22	G21.9
8A00.23	G21.4
8A00.24	G21.1
8A00.25	G21.9
8A00.26	G21.9
8A00.2Y	G21.9
8A00.2Z	G21.9
8A01	G25.4
8A01.0	G25.5
8A01.1	G25.4
8A01.10	G10
8A01.11	G25.4
8A01.12	G25.4
8A01.13	G25.4
8A01.14	G25.4
8A01.15	G25.4
8A01.16	G25.4
8A01.1Y	G25.4
8A01.1Z	G25.4
8A01.2	G25.5
8A01.20	G25.5
8A01.21	G25.5
8A01.22	G25.5
8A01.Y	G25.4
8A01.Z	G25.4
8A02	G24
8A02.0	G24.9
8A02.00	G24.5
8A02.0Y	G24.9
8A02.0Z	G24.9
8A02.1	G24
8A02.10	G24.0
8A02.11	G24
8A02.12	G24
8A02.1Y	G24
8A02.1Z	G24
8A02.2	G24
8A02.3	G24
8A02.Y	G24.8
8A02.Z	G24
8A03	G11
8A03.0	G11.0
8A03.1	G11
8A03.10	G11
8A03.11	G11
8A03.12	G11
8A03.13	G11
8A03.14	G11
8A03.15	G11
8A03.16	G11
8A03.1Y	G11.8
8A03.1Z	G11
8A03.2	G11
8A03.20	G11
8A03.2Y	G11
8A03.2Z	G11
8A03.3	G11
8A03.30	G11
8A03.3Y	G11
8A03.3Z	G11
8A03.Y	G11.8
8A03.Z	G11
8A04	G25.2
8A04.0	G25.2
8A04.1	G25.0
8A04.2	G25.2
8A04.3	G25.2
8A04.30	G25.2
8A04.31	G25.1
8A04.32	G25.2
8A04.33	G25.2
8A04.3Y	G25.2
8A04.3Z	G25.2
8A04.4	G25.2
8A04.Y	G25.2
8A04.Z	G25.2
8A05	F95
8A05.0	F95.1
8A05.00	F95.2
8A05.01	F95.1
8A05.02	F95.1
8A05.03	F95.0
8A05.0Y	F95.1
8A05.0Z	F95.1
8A05.1	F95.8
8A05.10	F95.8
8A05.11	G25.6
8A05.1Y	F95.8
8A05.1Z	F95.8
8A05.Y	F95.8
8A05.Z	F95
8A06	G25.3
8A06.0	G25.3
8A06.1	G25.3
8A06.2	G25.3
8A06.20	G25.3
8A06.21	G25.3
8A06.2Y	G25.3
8A06.2Z	G25.3
8A06.Y	G25.3
8A06.Z	G25.3
8A07.0	F98.4
8A07.00	F98.4
8A07.01	F98.4
8A07.0Y	F98.4
8A07.0Z	F98.4
8A07.1	G25.8
8A07.2	G25.8
8A20	G30
8A21.0	G31.8
8A40	G35
8A40.0	G35
8A40.1	G35
8A40.2	G35
8A40.Y	G35
8A40.Z	G35
8A42	T88.0
8A42.0	G36.1
8A42.Y	T88.0
8A42.Z	T88.0
8A43	G36.0
8A43.0	G36.0
8A43.1	G36.0
8A43.2	G36.0
8A43.3	G36.0
8A43.4	G36.0
8A43.5	G36.0
8A43.Y	G36.0
8A43.Z	G36.0
8A44.0	E75.2
8A45.00	G04.1
8A45.01	A81.1
8A45.02	A81.2
8A45.21	G37.4
8A45.31	G37.2
8A46	G37.1
8A60	G40
8A60.0	G40
8A60.00	G40
8A60.01	G40
8A60.0Y	G40
8A60.0Z	G40
8A60.1	G40
8A60.2	G40
8A60.3	G40
8A60.4	G40
8A60.5	G40
8A60.6	G40
8A60.7	G40
8A60.8	G40
8A60.9	G40
8A60.A	G40
8A60.B	G40
8A60.Y	G40
8A60.Z	G40
8A61	G40.0
8A61.0	G40.0
8A61.00	G40.0
8A61.0Y	G40.0
8A61.0Z	G40.0
8A61.1	G40.0
8A61.10	G40.0
8A61.11	G40.0
8A61.12	G40.0
8A61.1Y	G40.0
8A61.1Z	G40.0
8A61.2	G40.0
8A61.20	G40.0
8A61.21	G40.7
8A61.22	G40.0
8A61.23	G40.0
8A61.2Y	G40.0
8A61.2Z	G40.0
8A61.3	G40.0
8A61.30	G40.0
8A61.31	G40.0
8A61.32	G40.0
8A61.3Y	G40.0
8A61.3Z	G40.0
8A61.4	G40.0
8A61.40	G40.0
8A61.41	G40.0
8A61.4Y	G40.0
8A61.4Z	G40.0
8A61.Y	G40.0
8A61.Z	G40.0
8A62	G40.4
8A62.0	G40.4
8A62.1	G40.4
8A62.2	F80.3
8A62.Y	G40.4
8A62.Z	G40.4
8A63	R56.8
8A63.0	R56.0
8A63.00	R56.0
8A63.01	R56.0
8A63.0Y	R56.0
8A63.0Z	R56.0
8A63.Y	R56.8
8A63.Z	R56.8
8A64	R56.8
8A65	G40.6
8A66	G41
8A66.0	G41
8A66.1	G41.1
8A66.10	G41.1
8A66.1Y	G41.1
8A66.1Z	G41.1
8A66.Y	G41.8
8A66.Z	G41
8A67	G41.2
8A68	R56
8A68.0	R56
8A68.1	R56
8A68.2	R56
8A68.3	R56
8A68.4	G40.6
8A68.5	R56
8A68.6	R56
8A68.7	R56
8A68.Y	R56.8
8A68.Z	R56
8A6Y	G40.8
8A6Z	G40
8A80	G43
8A80.0	G43.0
8A80.1	G43.1
8A80.10	G43.1
8A80.1Y	G43.1
8A80.1Z	G43.1
8A80.2	G43
8A80.3	G43.8
8A80.30	G43.2
8A80.3Y	G43.8
8A80.3Z	G43.8
8A80.4	G43
8A80.Y	G43.8
8A80.Z	G43
8A81	G44
8A81.0	G44.0
8A81.1	G44
8A81.2	G44
8A81.Y	G44.8
8A81.Z	G44
8A82	G44.1
8A83	G44.2
8A84	G44
8A84.0	G44.3
8A84.1	G44.3
8A84.Y	G44.8
8A84.Z	G44
8B00	I61
8B00.0	I61.0
8B00.1	I61.1
8B00.2	I61.3
8B00.3	I61.4
8B00.4	I61.5
8B00.5	I61.6
8B00.Z	I61
8B01	I60.9
8B01.0	I60.9
8B01.1	I60.8
8B01.2	I60.9
8B02	I62.0
8B03	I62.1
8B0Z	I67.9
8B10	G45
8B10.0	G45.3
8B10.Y	G45.8
8B10.Z	G45
8B11	I63
8B11.0	I63.0
8B11.1	I63.3
8B11.2	I63
8B11.20	I63
8B11.21	I63
8B11.22	I63
8B11.2Y	I63
8B11.2Z	I63
8B11.3	I63
8B11.4	I63
8B11.40	I63
8B11.41	I63.6
8B11.42	I63
8B11.43	I63
8B11.44	I63
8B11.5	I63
8B11.50	I63.2
8B11.51	I63.5
8B11.5Z	I63
8B1Y	I67.8
8B1Z	I67.8
8B20	I64
8B21	I67.9
8B21.0	I67.9
8B21.1	I67.9
8B21.Y	I67.9
8B21.Z	I67.9
8B22	I67
8B22.0	I67.0
8B22.1	I67.6
8B22.2	I67
8B22.3	I67
8B22.4	I67
8B22.40	Q28.2
8B22.41	I67
8B22.42	I67
8B22.43	I67
8B22.4Y	I67
8B22.4Z	I67
8B22.5	I67.1
8B22.6	I67
8B22.7	I67.7
8B22.70	I67.7
8B22.7Y	I67.7
8B22.7Z	I67.7
8B22.8	I67.4
8B22.9	I67
8B22.A	I67
8B22.B	I67
8B22.C	I67
8B22.C0	I67
8B22.C1	I67
8B22.CY	I67
8B22.CZ	I67
8B22.Y	I67.8
8B23	I68
8B24	G93.1
8B24.0	G93.1
8B24.Y	G93.1
8B24.Z	G93.1
8B25	I69
8B25.0	I69.3
8B25.1	I69.1
8B25.2	I69.0
8B25.3	I69.2
8B25.4	I69.4
8B25.Y	I69.8
8B25.Z	I69
8B26	G46
8B26.0	G46.3
8B26.1	G46.4
8B26.2	G46.0
8B26.3	G46.1
8B26.4	G46.2
8B26.5	G46
8B26.50	G46.5
8B26.51	G46.6
8B26.5Y	G46
8B26.5Z	G46
8B26.Y	G46.8
8B26.Z	G46
8B2Z	I67.9
8B40	G83.4
8B41	G04
8B42	G99.2
8B43	G95.9
8B43.0	G95.1
8B43.1	G95.1
8B43.2	G95.1
8B43.Y	G95.9
8B43.Z	G95.9
8B44	G95.9
8B44.0	G11.4
8B44.00	G11.4
8B44.01	G11.4
8B44.02	G11.4
8B44.0Y	G11.4
8B44.0Z	G11.4
8B44.Y	G95.9
8B44.Z	G95.9
8B4Y	G95.9
8B4Z	G95.9
8B60	G12.2
8B60.0	G12.2
8B60.1	G12.2
8B60.2	G12.2
8B60.3	G12.2
8B60.4	G12.2
8B60.5	G12.2
8B60.6	G12.2
8B60.7	G12.2
8B60.Y	G12.2
8B60.Z	G12.2
8B61	G12
8B61.0	G12.0
8B61.1	G12
8B61.2	G12
8B61.3	G12
8B61.4	G12
8B61.Y	G12.8
8B61.Z	G12
8B62	G14
8B80	G52.0
8B82	G50
8B82.0	G50.0
8B82.Z	G50
8B84	G52.3
8B85	G52.7
8B86	G52.2
8B87	G52.1
8B88	G51
8B88.0	G51.0
8B88.1	G51.4
8B88.2	G51.3
8B88.3	G51
8B88.Y	G51.8
8B88.Z	G51
8B90	G55
8B91	G54.0
8B91.0	G54.5
8B91.1	G54.0
8B91.Y	G54.0
8B91.Z	G54.0
8B92	G54.1
8B92.0	G54.1
8B92.1	G54.1
8B92.2	G54.1
8B92.3	G54.1
8B92.Y	G54.1
8B92.Z	G54.1
8B93	M54.1
8B93.0	M54.1
8B93.1	M54.1
8B93.2	M54.1
8B93.3	M54.1
8B93.4	M54.1
8B93.5	M54.1
8B93.6	M54.1
8B93.7	M54.1
8B93.8	M54.1
8B93.Y	M54.1
8B93.Z	M54.1
8B94	G54.8
8B95	G54
8B9Y	G54.8
8B9Z	G54
8C00	G60.3
8C01	G61
8C01.0	G61.0
8C01.1	G61
8C01.2	G61
8C01.3	G61
8C01.Y	G61.8
8C01.Z	G61
8C03.0	G63.2
8C03.1	G63.0
8C03.2	G63.1
8C03.3	G63.4
8C03.4	G63.5
8C10	G56
8C10.0	G56.0
8C10.1	G56.2
8C10.2	G56.3
8C10.Y	G56.8
8C10.Z	G56
8C11	G57
8C11.0	G57.0
8C11.00	G57.0
8C11.0Y	G57.0
8C11.0Z	G57.0
8C11.1	G57.1
8C11.2	G57.2
8C11.3	G57.3
8C11.4	G57.4
8C11.5	G57.5
8C11.6	G57.6
8C11.Y	G57.8
8C11.Z	G57
8C12	G58
8C12.0	G58.0
8C12.1	G58.7
8C12.2	G58
8C12.3	G58
8C12.4	G58
8C12.5	G58
8C12.Y	G58.8
8C1Y	G59.8
8C1Z	G59
8C20	G60.0
8C20.0	G60.0
8C20.1	G60.0
8C20.2	G60.0
8C20.Y	G60.0
8C20.Z	G60.0
8C21.0	G60.8
8C21.1	G90.1
8C21.2	G60
8C21.3	G60.8
8C60	G70.0
8C60.0	G70.0
8C60.Y	G70.0
8C60.Z	G70.0
8C61	G70.2
8C62	G73.1
8C6Y	G70.8
8C6Z	G70
8C70	G71.0
8C70.0	G71.0
8C70.1	G71.0
8C70.2	G71.0
8C70.3	G71.0
8C70.4	G71.0
8C70.40	G71.0
8C70.41	G71.0
8C70.4Y	G71.0
8C70.4Z	G71.0
8C70.5	G71.0
8C70.6	G71.0
8C70.Y	G71.0
8C70.Z	G71.0
8C71	G71.1
8C71.0	G71.1
8C71.1	G71.1
8C71.2	G71.1
8C71.3	G71.1
8C71.4	G71.1
8C71.5	G71.1
8C71.Y	G71.1
8C71.Z	G71.1
8C72	G71.2
8C72.0	G71.2
8C72.00	G71.2
8C72.01	G71.2
8C72.02	G71.2
8C72.0Y	G71.2
8C72.0Z	G71.2
8C72.1	G71.2
8C72.Y	G71.2
8C72.Z	G71.2
8C73	G71.3
8C73.0	G71.3
8C73.1	G71.3
8C73.Y	G71.3
8C73.Z	G71.3
8C74	G71
8C74.0	G71
8C74.1	G72.3
8C74.10	G72.3
8C74.11	G72.3
8C74.1Y	G72.3
8C74.1Z	G72.3
8C74.Y	G71
8C74.Z	G71
8C75	G71
8C76	G71
8C77	G71.8
8C78	G71.8
8C7Y	G71.8
8C7Z	G71
8C80	G72.0
8C81	G72
8C82	G72
8C83	G72
8C84	G72
8C8Y	G72.8
8C8Z	G72
8D20	G80
8D20.0	G80.2
8D20.1	G80
8D20.10	G80.0
8D20.11	G80.1
8D20.1Z	G80
8D20.Y	G80
8D20.Z	G80
8D21	G80.3
8D22	G80.4
8D23	G80
8D2Y	G80.8
8D2Z	G80
8D40.0	E63.9
8D40.1	E63.9
8D40.2	E63.9
8D40.3	E63.9
8D43.0	G92
8D43.00	G92
8D43.0Y	G92
8D43.0Z	G92
8D43.1	T65.9
8D43.2	T65.9
8D43.20	G62.0
8D43.21	T65.9
8D43.2Y	T65.9
8D43.2Z	T65.9
8D43.3	T65.9
8D43.4	T65.9
8D43.5	T62.2
8D44.0	G62.1
8D44.1	G72.1
8D60	G93.2
8D60.0	G93.2
8D60.1	G93.6
8D60.Y	G93.2
8D60.Z	G93.2
8D62	G96.0
8D63	G96.0
8D64	G94
8D64.0	G91.0
8D64.00	G91.0
8D64.01	G91.0
8D64.02	G91.0
8D64.03	G91.0
8D64.04	G91.2
8D64.0Y	G91.0
8D64.0Z	G91.0
8D64.1	G91.1
8D64.10	G91.1
8D64.1Y	G91.1
8D64.1Z	G91.1
8D64.2	G94
8D64.Z	G94
8D65	G96.0
8D66	G95.0
8D66.0	G95.0
8D66.1	G95.0
8D66.2	G95.0
8D66.Y	G95.0
8D66.Z	G95.0
8D67	G93.0
8D68	G93.0
8D80	G90
8D81	G90
8D82	G90
8D83	G90
8D84	G90
8D85	G90
8D86	G90
8D87	G90
8D87.0	G90
8D87.00	G23.3
8D87.01	G23.2
8D87.0Y	G90
8D87.0Z	G90
8D87.Y	G90
8D88	G90
8D88.0	G99.1
8D88.1	G90
8D88.2	G99.1
8D88.3	G90
8D88.4	G99.0
8D88.Y	G90
8D88.Z	G90
8D89	G90
8D89.0	G90
8D89.1	G90
8D89.2	G90
8D89.3	G90
8D89.Y	G90
8D89.Z	G90
8D8A	G90
8D8A.1	G90
8D8A.2	G90
8D8A.Y	G90
8D8A.Z	G90
8D8B	G90
8D8C	G90.4
8D8D	G90
8D8Y	G90.8
8D8Z	G90
8E00	A81.9
8E01	A81.9
8E01.0	A81.9
8E01.1	A81.8
8E01.2	A81.9
8E01.3	A81.9
8E01.Z	A81.9
8E02	A81.9
8E02.0	A81.0
8E02.1	A81.9
8E02.2	A81.9
8E02.3	A81.9
8E02.Y	A81.9
8E02.Z	A81.9
8E03	A81.9
8E0Y	A81.9
8E0Z	A81.9
8E22	R40.1
8E22.0	R40.1
8E22.1	R40.1
8E22.Y	R40.1
8E22.Z	R40.1
8E40.0	G03.8
8E40.1	G03.8
8E40.2	G03.8
8E40.3	G03
8E45	G83.5
8E46	G93.7
8E47	G93.4
8E48	G04.8
8E49	G93.3
8E4A.3	G13
8E60	G97.2
8E61	G97
8E61.0	T66
8E61.1	T66
8E61.Z	G97
8E62	G03.8
8E63	G93.4
8E64	G97.8
8E66	G97
9A00	Q10.3
9A00.0	Q15.8
9A00.1	Q15.8
9A00.Y	Q10.3
9A00.Z	Q10.3
9A01	H01.9
9A01.0	H00.0
9A01.1	H00.0
9A01.2	H00.0
9A01.20	H00.0
9A01.21	H00.0
9A01.2Z	H00.0
9A01.3	H01.0
9A01.4	H03.0
9A01.Y	H01.9
9A01.Z	H01.9
9A02	H01.9
9A02.0	H00.1
9A02.00	H00.1
9A02.01	H00.1
9A02.0Z	H00.1
9A02.1	H01.9
9A02.2	H01.9
9A02.4	H01.9
9A02.Y	H01.9
9A02.Z	H01.9
9A03	H02.8
9A03.0	H02.4
9A03.00	H02.4
9A03.01	H02.4
9A03.02	H02.4
9A03.03	H02.4
9A03.0Y	H02.4
9A03.0Z	H02.4
9A03.1	H02.0
9A03.10	H02.0
9A03.11	H02.0
9A03.12	H02.0
9A03.13	H02.0
9A03.1Y	H02.0
9A03.1Z	H02.0
9A03.2	H02.1
9A03.20	H02.1
9A03.21	H02.1
9A03.22	H02.1
9A03.23	H02.1
9A03.24	H02.1
9A03.2Y	H02.1
9A03.2Z	H02.1
9A03.3	H02.5
9A03.4	H02.2
9A03.40	H02.2
9A03.41	H02.2
9A03.42	H02.2
9A03.4Y	H02.2
9A03.4Z	H02.2
9A03.5	H02.7
9A03.Y	H02.8
9A03.Z	H02.8
9A04	H02.8
9A04.0	H02.0
9A04.1	H02.7
9A04.Y	H02.8
9A04.Z	H02.8
9A05	H02.8
9A05.0	G51.4
9A05.1	H51.8
9A05.Y	H02.8
9A05.Z	H02.8
9A06	H02
9A06.0	H02
9A06.1	H02
9A06.2	H02
9A06.3	H02
9A06.4	H02.6
9A06.5	H02
9A06.6	H02
9A06.7	H02
9A06.70	L20.8
9A06.71	H02
9A06.72	H02
9A06.7Y	H02
9A06.7Z	H02
9A06.8	H02.3
9A06.Y	H02.8
9A0Y	H02.8
9A0Z	H02
9A10	H04
9A10.0	H04
9A10.1	H04
9A10.2	H04
9A10.3	H04
9A10.4	H04
9A10.Y	H04
9A10.Z	H04
9A11	H04
9A11.0	H04
9A11.1	H04.3
9A11.2	H04.3
9A11.3	H04.5
9A11.4	H04.5
9A11.5	H04.5
9A11.6	H04.5
9A11.7	H04.5
9A11.8	H04.5
9A11.Y	H04
9A11.Z	H04
9A1Y	H04.8
9A1Z	H04
9A20	H05
9A20.0	H05
9A20.00	H05
9A20.01	H05
9A20.0Y	H05
9A20.0Z	H05
9A20.1	H05
9A20.Y	H05
9A20.Z	H05
9A21	H05
9A21.0	H05
9A21.1	H05
9A21.2	H05
9A21.3	H05
9A21.Y	H05
9A21.Z	H05
9A22	H05
9A22.0	H05
9A22.1	H05
9A22.2	H05
9A22.Y	H05
9A22.Z	H05
9A23	H05
9A23.0	H05
9A23.1	H05
9A23.Z	H05
9A24	H05.3
9A24.0	H05.3
9A24.1	H05.3
9A24.3	H05.3
9A24.4	H05.3
9A24.Y	H05.3
9A24.Z	H05.3
9A25	H05.3
9A25.0	H05.3
9A25.1	H05.3
9A25.2	H05.3
9A25.3	H05.3
9A25.4	H05.3
9A25.5	H05.3
9A25.Y	H05.3
9A25.Z	H05.3
9A26	H05.3
9A2Y	H05.8
9A2Z	H05
9A60	H10
9A60.0	H10
9A60.00	H10
9A60.01	H10.1
9A60.02	H10.1
9A60.0Y	H10
9A60.0Z	H10
9A60.1	H10
9A60.2	H10
9A60.3	H10.0
9A60.30	H10.0
9A60.31	H10.0
9A60.32	H10.0
9A60.33	H10.0
9A60.3Y	H10.0
9A60.3Z	H10.0
9A60.4	H10.5
9A60.5	H16.2
9A60.6	H10
9A60.Y	H10.8
9A60.Z	H10
9A61	H11
9A61.0	H11
9A61.1	H11.0
9A61.2	H11
9A61.3	H11.2
9A61.4	H11.4
9A61.40	H11.4
9A61.4Y	H11.4
9A61.4Z	H11.4
9A61.5	H11.3
9A61.6	H11.1
9A61.Z	H11
9A62	H13.3
9A70	H18.5
9A70.0	H18.5
9A70.Y	H18.5
9A70.Z	H18.5
9A71	H16
9A72	H16.1
9A73	H16.2
9A74	H16.2
9A75	H19.3
9A76	H16.0
9A77	H17
9A77.0	H17
9A77.1	H17.0
9A77.Y	H17.8
9A77.Z	H17
9A78	H18
9A78.0	H16.4
9A78.1	H18.0
9A78.2	H18
9A78.20	H18.1
9A78.21	H18
9A78.2Y	H18
9A78.2Z	H18
9A78.3	H18.3
9A78.4	H18.4
9A78.5	H18
9A78.50	H18.6
9A78.51	H18
9A78.5Y	H18
9A78.5Z	H18
9A78.6	H18
9A78.7	H18
9A78.8	H18
9A79	H19.3
9A7A	H16.3
9A7B	H16.3
9A7Y	H18.9
9A7Z	H18.9
9A80	H21.0
9A81	H06.1
9A82	H21.3
9A83	H44.4
9A8Y	H21.9
9A8Z	H21.9
9A90	H21.2
9A90.0	H21.2
9A90.1	H21.2
9A90.2	H21.2
9A90.Y	H21.2
9A90.Z	H21.2
9A91	H21.3
9A92	H21.4
9A93	H21.5
9A94	H21.8
9A94.0	H21.1
9A94.1	H21.8
9A94.2	H21.8
9A94.Y	H21.8
9A96	H20.8
9A96.0	H20
9A96.1	H20
9A96.2	H22.0
9A96.3	H20.0
9A96.Y	H20.8
9A96.Z	H20.8
9A9Y	H21.8
9A9Z	H21
9B00	H57.0
9B00.0	H57.0
9B00.1	H57.0
9B00.2	H57.0
9B00.3	H57.0
9B00.Y	H57.0
9B00.Z	H57.0
9B01	H57.0
9B01.0	H57.0
9B01.1	H57.0
9B01.2	H57.0
9B01.3	H21.8
9B01.4	H57.0
9B01.5	H57.0
9B01.6	H57.0
9B01.7	H57.0
9B01.Y	H57.0
9B01.Z	H57.0
9B02	H57.0
9B02.0	H58.0
9B02.1	H57.0
9B02.2	H57.0
9B02.Y	H57.0
9B02.Z	H57.0
9B0Y	H57.0
9B0Z	H57.0
9B10.0	H25
9B10.00	H25.0
9B10.01	H25.0
9B10.02	H25
9B10.0Y	H25.8
9B10.0Z	H25
9B10.1	H26.0
9B10.10	H26.0
9B10.1Y	H26.0
9B10.1Z	H26.0
9B10.2	H26
9B10.20	H26.1
9B10.21	H28.0
9B10.22	H26.4
9B10.23	H26.2
9B10.2Y	H26.8
9B11	H27
9B11.0	H27.0
9B11.1	H27.1
9B11.Y	H27.8
9B50	H15.1
9B51	H15.0
9B52	H15.8
9B5Y	H15.8
9B5Z	H15
9B60	H31.1
9B61	H31.2
9B62	H31.0
9B63	H31.3
9B64	H31.4
9B70	H35.5
9B71.0	H36.0
9B71.00	H36.0
9B71.01	H36.0
9B71.02	H36.0
9B71.0Z	H36.0
9B71.3	H35.1
9B73	H33
9B73.0	H33.0
9B73.1	H33
9B73.10	H33
9B73.11	H33
9B73.1Y	H33
9B73.1Z	H33
9B73.2	H33.1
9B73.3	H33.2
9B73.4	H33.3
9B73.Y	H33
9B73.Z	H33
9B74	H34
9B74.0	H34
9B74.1	H34.8
9B74.2	H34.8
9B74.Y	H34.8
9B74.Z	H34
9B76	H44.2
9B78	H35
9B78.0	H35
9B78.1	H35.0
9B78.10	H35.0
9B78.11	H35.0
9B78.12	H35.0
9B78.13	H35.0
9B78.1Y	H35.0
9B78.1Z	H35.0
9B78.2	H35.2
9B78.3	H35.3
9B78.30	H35.3
9B78.3Y	H35.3
9B78.3Z	H35.3
9B78.4	H35.4
9B78.5	H35.6
9B78.6	H35.7
9B78.60	H35.7
9B78.61	H35.7
9B78.6Y	H35.7
9B78.6Z	H35.7
9B78.7	H35
9B78.8	H35
9B78.9	H35
9B82	H43.0
9B83	H43.1
9B84	H43.3
9C20	H44.1
9C20.0	H44.1
9C20.1	H44.1
9C20.2	H44.0
9C20.Y	H44.1
9C20.Z	H44.1
9C21	H45.1
9C21.0	H44.1
9C21.Y	H45.1
9C21.Z	H45.1
9C22	H57.8
9C22.0	H57.8
9C22.1	H57.8
9C22.Y	H57.8
9C22.Z	H57.8
9C40.10	H48.1
9C40.A0	H47.1
9C40.A1	H47.3
9C41	H47.4
9C42	H47.5
9C43	H47.6
9C60	H40.0
9C61.0	H40.1
9C61.00	H40.1
9C61.01	H40.1
9C61.02	H40.1
9C61.0Y	H40.1
9C61.0Z	H40.1
9C61.1	H40.2
9C61.10	H40.2
9C61.11	H40.2
9C61.12	H40.2
9C61.13	H40.2
9C61.14	H40.2
9C61.15	H40.2
9C61.16	H40.2
9C61.17	H40.2
9C61.1Y	H40.2
9C61.1Z	H40.2
9C61.24	H40.4
9C61.29	H40.3
9C61.4	Q15.0
9C61.40	Q15.0
9C61.41	Q15.0
9C61.42	Q15.0
9C61.4Y	Q15.0
9C61.4Z	Q15.0
9C6Y	H40.8
9C6Z	H40
9C80	H50.9
9C80.0	H50.0
9C80.1	H50.1
9C80.2	H50.9
9C80.3	H50.3
9C80.30	H50.3
9C80.31	H50.3
9C80.3Y	H50.3
9C80.3Z	H50.3
9C80.4	H50.5
9C80.5	H50.6
9C80.Y	H50.9
9C80.Z	H50.9
9C81	H49
9C81.0	H49.0
9C81.00	H49.0
9C81.0Y	H49.0
9C81.0Z	H49.0
9C81.1	H49.1
9C81.2	H49.2
9C81.3	H49.3
9C81.4	H49
9C81.Y	H49.8
9C81.Z	H49
9C82.0	H49.4
9C82.4	H51.8
9C83	H51
9C83.0	H51.0
9C83.00	H51.0
9C83.01	H51.0
9C83.02	H51.0
9C83.0Y	H51.0
9C83.0Z	H51.0
9C83.1	H51
9C83.10	H51
9C83.11	H51
9C83.12	H51
9C83.13	H51
9C83.1Y	H51
9C83.1Z	H51
9C83.2	H51.1
9C83.3	H51.1
9C83.4	H51
9C83.5	H51.2
9C83.6	H51
9C83.60	H51
9C83.61	H51
9C83.62	H51
9C83.63	H51
9C83.64	H51
9C83.65	H51
9C83.66	H51
9C83.67	H51
9C83.6Y	H51
9C83.6Z	H51
9C83.Y	H51.8
9C83.Z	H51
9C84	H55
9C84.0	H55
9C84.1	H55
9C84.2	H55
9C84.20	H55
9C84.21	H55
9C84.22	H55
9C84.23	H55
9C84.2Y	H55
9C84.2Z	H55
9C84.3	H55
9C84.4	H55
9C84.5	H55
9C84.50	H55
9C84.51	H55
9C84.52	H55
9C84.5Y	H55
9C84.5Z	H55
9C84.6	H55
9C84.Y	H55
9C84.Z	H55
9C85	H51.8
9C85.Y	H51.8
9C85.Z	H51.8
9D00	H52.7
9D00.0	H52.1
9D00.1	H52.0
9D00.2	H52.2
9D00.3	H52.4
9D00.4	H52.3
9D00.5	H52.3
9D00.6	H52.7
9D00.Y	H52.7
9D00.Z	H52.7
9D01	H52.5
9D01.0	H52.5
9D01.1	H52.5
9D01.2	H52.5
9D01.Y	H52.5
9D01.Z	H52.5
9D0Y	H52
9D0Z	H52
9D20	H59.0
9D21	H59
9D22	H59
9D23	H59
9D24	H59
9D25	H59
9D41	H53.4
9D42	H53.4
9D42.2	H53.4
9D42.20	H53.4
9D42.21	H53.4
9D42.22	H53.4
9D42.23	H53.4
9D42.24	H53.4
9D42.2Y	H53.4
9D42.2Z	H53.4
9D42.3	H53.4
9D42.4	H53.4
9D42.5	H53.4
9D42.6	H53.4
9D42.60	H53.4
9D42.61	H53.4
9D42.6Y	H53.4
9D42.6Z	H53.4
9D42.7	H53.4
9D42.70	H53.4
9D42.71	H53.4
9D42.7Y	H53.4
9D42.7Z	H53.4
9D42.Y	H53.4
9D42.Z	H53.4
9D43	H53.8
9D44	H53.5
9D45	H53.8
9D46	H53.3
9D50	H53.1
9D51	H53.1
9D52	H53.1
9D53	H53.1
9D54	H53.1
9D55	H53.1
9D56	H53.1
9D5Y	H53.1
9D5Z	H53.1
9D7Y	H53.8
9D7Z	H53
9D90	H54
9D90.1	H54.3
9D90.2	H54.2
9D90.3	H54.1
9D90.6	H54
9D90.7	H53.8
9D92	H53.8
9D93	H53.8
9D94	H54
9D95	H54
9D96	H54
9D9Y	H54
9D9Z	H54
AA00	H60.0
AA01	H60.1
AA02	H60.2
AA03	H61
AA04	H61.0
AA0Y	H61.8
AA0Z	H61
AA10	H60
AA11	H60.5
AA12	H60
AA13	H60.8
AA1Y	H60
AA1Z	H60
AA3Y	H60.8
AA3Z	H60
AA40	H61
AA40.0	H61.8
AA40.1	H61.3
AA40.2	H60.4
AA40.Y	H61
AA40.Z	H61
AA41	H61.1
AA41.0	M95.1
AA41.Y	H61.1
AA41.Z	H61.1
AA42	H61.2
AA4Y	H61.8
AA4Z	H61
AA80	H65.0
AA81	H65.1
AA82	H65
AA83	H65
AA8Z	H65
AA90	H66.0
AA91	H66
AA91.0	H66.1
AA91.1	H66.2
AA91.2	H66.3
AA91.Z	H66
AA9Z	H66
AB00	H66.9
AB01	H66.9
AB0Y	H66.9
AB0Z	H66.9
AB10	H68
AB10.0	H68
AB10.1	H69.0
AB10.2	H68.0
AB10.3	H68.1
AB10.Y	H68
AB10.Z	H68
AB11	H70
AB11.0	H70.0
AB11.1	H70.1
AB11.2	H70.2
AB11.3	H70
AB11.Y	H70.8
AB12	H71
AB13	H72
AB13.0	H72.0
AB13.1	H72.1
AB13.2	H72
AB13.Y	H72.8
AB13.Z	H72
AB14	H73.0
AB15	H73.1
AB16	H74.0
AB17	H74.1
AB18	H74.2
AB19	H74.3
AB1A	H74.4
AB1A.0	H74.4
AB1A.Y	H74.4
AB1A.Z	H74.4
AB1B	H74
AB30.0	H81.2
AB30.1	H83.0
AB31.0	H81.0
AB31.2	H81.1
AB33	H80
AB34	H81
AB34.0	H81
AB34.1	H81.3
AB34.Y	H81.8
AB34.Z	H81
AB35	H83.1
AB36	H83.2
AB37	H83.3
AB50.0	H90.2
AB50.2	H90
AB51	H90
AB51.0	H90.0
AB51.1	H90.5
AB51.2	H90.6
AB51.Y	H90.8
AB51.Z	H90
AB53	H91.0
AB54	H91.1
AB55	H91.2
AB56	H91
AB57	H91.8
AB70	H92
AB70.0	H92.1
AB70.1	H92.2
AB70.2	H92.0
AB71	H93.0
AB72	H93.3
AB72.0	H93.3
AB72.Y	H93.3
AB72.Z	H93.3
AB73	H93.8
AB7Y	H93.8
AB90	H95.0
AB91	H95.1
AB92	H95
AB93	H95.1
BA00	I10
BA00.0	I10
BA00.1	I10
BA00.2	I10
BA00.Y	I10
BA00.Z	I10
BA01	I11
BA02	I12
BA04	I15
BA04.0	I15
BA04.1	I15
BA04.2	I15
BA04.Y	I15.8
BA04.Z	I15
BA20	I95.0
BA21	I95.1
BA2Y	I95.8
BA2Z	I95
BA40	I20
BA40.0	I20.0
BA40.1	I20
BA40.Y	I20.8
BA40.Z	I20
BA41	I21.9
BA41.0	I21.9
BA41.1	I21.4
BA41.Z	I21.9
BA42	I22
BA42.0	I22
BA42.1	I22
BA42.Z	I22
BA43	I24.0
BA50	I25.2
BA51	I25.5
BA51.0	I25.5
BA51.Y	I25.5
BA51.Z	I25.5
BA52	I25.1
BA52.0	I25.1
BA52.1	I25.1
BA52.10	I25.1
BA52.11	I25.1
BA52.1Z	I25.1
BA52.2	I25.1
BA52.Z	I25.1
BA5Y	I25.8
BA5Z	I25
BA60	I23
BA60.0	I24.1
BA60.1	I23
BA60.2	I23
BA60.3	I23.2
BA60.4	I23.3
BA60.5	I23
BA60.6	I23.4
BA60.7	I23.6
BA60.8	I23
BA60.9	I23
BA60.Y	I23.8
BA60.Z	I23
BA81	I25.4
BA81.0	I25.4
BA81.1	I25.4
BA81.2	I25.4
BA82	I25.4
BB00	I26
BB00.0	I26
BB00.1	I26
BB00.Z	I26
BB01.1	I27.2
BB01.2	I27.2
BB01.4	I27.2
BB02	I28
BB02.0	I28.0
BB02.1	I28.1
BB02.10	I28.1
BB02.11	I28.1
BB02.12	I28.1
BB02.1Y	I28.1
BB02.1Z	I28.1
BB02.2	I28
BB02.3	I28
BB20	I30
BB20.0	I30.1
BB20.1	I30
BB20.2	I30
BB20.Y	I30.8
BB20.Z	I30
BB21	I09.2
BB22	I31.1
BB23	I31
BB24	I31.2
BB25	I31.3
BB2Y	I31.9
BB2Z	I31.9
BB40	I33.0
BB41	I33.9
BB42	I33.9
BB4Y	I33
BB4Z	I33
BB60	I39.0
BB60.0	I05.0
BB60.1	I34.2
BB60.Z	I39.0
BB61	I34.0
BB61.0	I05.1
BB61.Y	I34.0
BB61.Z	I34.0
BB62	I34.1
BB62.0	I34.1
BB62.1	I34.1
BB62.Y	I34.1
BB62.Z	I34.1
BB63	I39.0
BB63.0	I05.2
BB63.1	I39.0
BB63.Z	I39.0
BB64	I51.8
BB65	I51.8
BB6Y	I39.0
BB6Z	I39.0
BB70	I35.0
BB70.0	I06.0
BB70.1	I35.0
BB70.Y	I35.0
BB70.Z	I35.0
BB71	I35.1
BB71.0	I06.1
BB71.Y	I35.1
BB71.Z	I35.1
BB72	I35.2
BB72.0	I06.2
BB72.1	I35.2
BB72.Z	I35.2
BB73	I51.8
BB74	I35.8
BB7Y	I39.1
BB7Z	I39.1
BB80	I36.0
BB80.0	I07.0
BB80.Y	I36.0
BB80.Z	I36.0
BB81	I36.1
BB81.0	I07.1
BB81.Y	I36.1
BB81.Z	I36.1
BB82	I36.2
BB82.0	I07.2
BB82.Y	I36.2
BB82.Z	I36.2
BB83	I51.8
BB84	I51.8
BB8Y	I39.2
BB8Z	I39.2
BB90	I37.0
BB90.0	I37.0
BB90.Y	I37.0
BB90.Z	I37.0
BB91	I37.1
BB91.0	I37.1
BB91.Y	I37.1
BB91.Z	I37.1
BB92	I37.2
BB92.0	I37.2
BB92.1	I37.2
BB92.Z	I37.2
BB93	I51.8
BB9Y	I39.3
BB9Z	I39.3
BC00	I39.4
BC20	I09
BC20.0	I09.1
BC20.Y	I09.8
BC20.Z	I09
BC40	I99
BC40.0	I23.1
BC40.Y	I99
BC40.Z	I99
BC41	I99
BC41.0	I51.0
BC41.Y	I99
BC41.Z	I99
BC42	I51.4
BC42.0	I40.8
BC42.1	I40.0
BC42.2	I40.8
BC42.3	I09.0
BC42.Y	I51.4
BC42.Z	I51.4
BC43.0	I42.0
BC43.00	I42.0
BC43.01	I42.0
BC43.0Z	I42.0
BC43.12	I42.1
BC43.3	I42.4
BC43.4	I42.7
BC45	I51.7
BC46	I51.3
BC60	I49.1
BC61	I49.2
BC62	I49.8
BC63	I45.9
BC63.0	I44.0
BC63.1	I44.1
BC63.10	I44.1
BC63.1Y	I44.1
BC63.1Z	I44.1
BC63.2	I44.2
BC63.20	I44.2
BC63.21	I44.2
BC63.2Z	I44.2
BC63.3	I45.1
BC63.4	I44.7
BC63.40	I44.4
BC63.41	I44.5
BC63.4Z	I44.7
BC63.5	I45.4
BC63.Y	I45.9
BC63.Z	I45.9
BC64	I49.9
BC65	I49.8
BC65.0	I49.8
BC65.1	I49.8
BC65.2	I49.8
BC65.3	I49.8
BC65.4	I49.8
BC65.5	I47.2
BC65.Y	I49.8
BC65.Z	I49.8
BC70	I49.3
BC71	I49.8
BC71.0	I47.2
BC71.00	I47.2
BC71.01	I47.2
BC71.02	I47.2
BC71.03	I47.2
BC71.0Y	I47.2
BC71.0Z	I47.2
BC71.1	I49.0
BC71.2	I47.0
BC71.Y	I49.8
BC71.Z	I49.8
BC80	I49.8
BC80.0	I45.5
BC80.1	R00.1
BC80.2	I51.8
BC80.20	I49.5
BC80.21	I45.5
BC80.2Y	I51.8
BC80.2Z	I51.8
BC80.Y	I49.8
BC80.Z	I49.8
BC81	I47.1
BC81.0	I47.1
BC81.1	I47.1
BC81.2	I47.1
BC81.20	I47.1
BC81.21	I47.1
BC81.22	I47.1
BC81.2Y	I47.1
BC81.2Z	I47.1
BC81.3	I47.1
BC81.30	I48.0
BC81.31	I48.1
BC81.32	I48.2
BC81.33	I48.9
BC81.3Y	I47.1
BC81.3Z	I47.1
BC81.4	I45.6
BC81.5	I47.1
BC81.6	I49.8
BC81.7	I47.1
BC81.70	I47.1
BC81.71	I47.1
BC81.7Y	I47.1
BC81.7Z	I47.1
BC81.8	I47.1
BC81.Y	I47.1
BC81.Z	I47.1
BC8Y	I49.8
BC8Z	I49.8
BC90	I49.8
BC91	Z45.0
BD10	I50.0
BD11	I50.1
BD11.0	I50.1
BD11.1	I50.1
BD11.2	I50.1
BD11.Z	I50.1
BD12	I50
BD13	I50
BD14	I50
BD1Y	I50
BD1Z	I50
BD30.00	I74.2
BD30.01	I74.2
BD30.10	I74.0
BD30.11	I74.1
BD30.20	I74.3
BD30.21	I74.3
BD40	I70
BD40.0	I70.2
BD40.1	I70.0
BD40.2	I70.1
BD40.3	I70
BD40.Y	I70.8
BD40.Z	I70
BD41	I73.9
BD41.0	I77.3
BD41.Y	I73.9
BD41.Z	I73.9
BD42	I73.9
BD42.0	I73.0
BD42.1	I73.0
BD42.Z	I73.9
BD4Y	I73.9
BD4Z	I73.9
BD50	I71
BD50.0	I71
BD50.00	I71
BD50.01	I71
BD50.0Z	I71
BD50.1	I71
BD50.10	I71
BD50.11	I71
BD50.1Z	I71
BD50.2	I71
BD50.20	I71
BD50.21	I71
BD50.2Y	I71
BD50.2Z	I71
BD50.3	I71
BD50.30	I71
BD50.31	I71.1
BD50.3Z	I71
BD50.4	I71.4
BD50.40	I71.4
BD50.41	I71.3
BD50.4Z	I71.4
BD50.5	I71
BD50.50	I71
BD50.51	I71.5
BD50.5Z	I71
BD50.Z	I71
BD51	I72
BD51.0	I72.0
BD51.1	I72.6
BD51.2	I72.5
BD51.3	I72.1
BD51.4	I72.2
BD51.5	I72.3
BD51.6	I72.4
BD51.Y	I72.8
BD51.Z	I72
BD52	I77
BD52.0	I77
BD52.1	I77.0
BD52.2	I77.1
BD52.3	I77.2
BD52.4	I77.5
BD52.5	I77.4
BD52.6	I97.8
BD52.7	I77
BD52.70	I77
BD52.71	I77
BD52.7Y	I77
BD52.7Z	I77
BD53	I79
BD53.0	I79
BD53.1	I79
BD53.2	I79
BD53.3	I79
BD53.4	I79
BD53.40	I79
BD53.4Y	I79
BD53.4Z	I79
BD53.Y	I79.8
BD53.Z	I79
BD55	I65
BD70.0	I80.0
BD70.2	I82.1
BD71.4	I80.2
BD72	I82.9
BD73.20	I87.1
BD73.21	I87.1
BD74.1	I83
BD74.10	I83
BD74.11	I83
BD74.12	I83
BD74.1Z	I83
BD74.3	I83.0
BD74.30	I83.0
BD74.31	I83.0
BD74.32	I83.0
BD74.3Z	I83.0
BD75	I86
BD75.0	I86.0
BD75.1	I86.1
BD75.2	I86.3
BD75.3	I86.2
BD75.Y	I86.8
BD75.Z	I86
BD90	I88
BD90.0	L04
BD90.1	I88.0
BD90.2	I88.1
BD90.20	I88.1
BD90.21	I88.1
BD90.22	I88.1
BD90.2Y	I88.1
BD90.2Z	I88.1
BD90.Y	I88.8
BD90.Z	I88
BD91	I89.1
BD92	I89
BD92.0	I89
BD92.1	I89
BD92.Z	I89
BD93	I89.0
BD93.0	Q82.0
BD93.1	I89.0
BD93.10	I89.0
BD93.11	I89.0
BD93.12	I89.0
BD93.13	I89.0
BD93.14	I89.0
BD93.15	I89.0
BD93.1Y	I89.0
BD93.1Z	I89.0
BD93.Y	I89.0
BD93.Z	I89.0
BD9Y	I89.8
BD9Z	I89
BE10	I97.0
BE11	I97.1
BE12	I97
BE12.0	I97
BE12.1	I97
BE12.2	I97
BE12.3	I97
BE12.4	I97
BE12.5	I97
BE12.6	I97
BE12.7	I97
BE13	I97
BE14	I97.8
BE14.4	I97.8
BE14.40	I97.8
BE14.41	I97.8
BE14.5	I97.8
BE14.6	I97.8
BE14.7	I97.8
BE14.9	I97.8
BE14.A	I97.8
BE14.B	I97.8
BE15	I97.8
BE15.0	I97.8
BE15.1	I97.8
BE16	I97.8
BE17	I97.8
BE19	I97.8
BE1A	T86.2
BE1B	I97
BE1B.0	I97.2
BE1B.1	I97
BE1C	I97
BE1D	I97
BE1E	I97
BE1E.0	I97
BE1E.1	I97
BE1F	I97
BE1F.0	I97
BE1F.1	I97
12	J98.9
CA00	J00
CA01	J01
CA02	J02
CA02.0	J02.8
CA02.1	J02
CA02.10	J02
CA02.1Y	J02
CA02.1Z	J02
CA02.Y	J02.8
CA02.Z	J02
CA03	J03
CA03.0	J03.0
CA03.Y	J03.8
CA03.Z	J03
CA04	J06.0
CA05	J04
CA05.0	J04.0
CA05.1	J04.1
CA05.2	J04.2
CA06	J05
CA06.0	J05.0
CA06.1	J05.1
CA06.Z	J05
CA07	J06
CA07.0	J06.9
CA07.1	J06.8
CA08	J30
CA08.0	J30
CA08.00	J30.1
CA08.01	J30.2
CA08.02	J30
CA08.03	J30.3
CA08.0Z	J30
CA08.1	J30
CA08.10	J30
CA08.1Y	J30
CA08.1Z	J30
CA08.2	J30
CA08.3	J30.0
CA09	J31
CA09.0	J31.0
CA09.1	J31.1
CA09.2	J31.2
CA0A	J32
CA0A.0	J32
CA0A.Y	J32.8
CA0A.Z	J32
CA0B	J34
CA0C	J34.1
CA0D	J34.2
CA0E	J34.3
CA0F	J35
CA0F.0	J35.1
CA0F.1	J35.2
CA0F.3	J35.3
CA0F.Y	J35.8
CA0F.Z	J35
CA0G	J37
CA0H	J38
CA0H.0	J38.0
CA0H.1	J38.1
CA0H.2	J38.2
CA0H.3	J38.4
CA0H.4	J38.5
CA0H.5	J38.6
CA0H.Y	J38
CA0H.Z	J38
CA0J	J33
CA0J.0	J33.1
CA0J.Y	J33.8
CA0J.Z	J33
CA0K	J34.0
CA0K.0	J39.0
CA0K.1	J36
CA0K.Y	J34.0
CA0K.Z	J34.0
CA20	J40
CA20.0	J40
CA20.1	J42
CA20.10	J41.0
CA20.11	J41.1
CA20.12	J41.8
CA20.13	J42
CA20.1Y	J42
CA20.1Z	J42
CA20.Y	J40
CA20.Z	J40
CA21	J43
CA21.0	J43.0
CA21.1	J43.1
CA21.2	J43.2
CA21.Y	J43.8
CA21.Z	J43
CA22	J44
CA22.0	J44.1
CA22.1	J44.8
CA22.Z	J44
CA23	J45
CA23.0	J45.0
CA23.00	J45.0
CA23.01	J46
CA23.02	J45.0
CA23.1	J45.1
CA23.10	J45.1
CA23.11	J46
CA23.12	J45.1
CA23.2	J45
CA23.20	J45
CA23.21	J45
CA23.22	J45
CA23.3	J45.9
CA23.30	J45.9
CA23.31	J46
CA23.32	J45.9
CA24	J47
CA25	E84.9
CA25.0	E84.0
CA25.1	E84.9
CA25.2	E84.8
CA25.Z	E84.9
CA26	J44.8
CA26.0	J44.8
CA26.1	J44.8
CA26.Y	J44.8
CA26.Z	J44.8
CA27	J40
CA27.0	J40
CA27.1	J40
CA27.Y	J40
CA27.Z	J40
CA40.0	J15
CA40.00	J16.0
CA40.01	J15.5
CA40.02	J14
CA40.03	J15.0
CA40.04	J15.7
CA40.05	J15.1
CA40.06	J15.2
CA40.07	J13
CA40.08	J15.3
CA40.0Y	J15.8
CA40.0Z	J15
CA40.1	J12
CA40.10	J12.0
CA40.11	J12.1
CA40.12	J12.2
CA40.13	J12.3
CA40.1Y	J12.8
CA40.1Z	J12
CA40.2	J17.2
CA40.20	J17.2
CA40.2Y	J17.2
CA40.2Z	J17.2
CA41	J21
CA41.0	J21.0
CA41.Y	J21.8
CA41.Z	J21
CA42	J20
CA42.0	J20.2
CA42.1	J20.6
CA42.2	J20.5
CA42.3	J20.4
CA42.4	J20.1
CA42.5	J20.3
CA42.Y	J20.8
CA42.Z	J20
CA43	J85
CA43.0	J85.0
CA43.1	J85.1
CA43.2	J85.2
CA43.3	J85.3
CA43.Y	J85
CA43.Z	J85
CA44	J86
CA45	J98.7
CA60.0	J62
CA60.00	J62.0
CA60.0Y	J62.8
CA60.0Z	J62
CA60.1	J60
CA60.2	J61
CA60.3	J65
CA60.4	J63.0
CA60.5	J63.1
CA60.6	J63.2
CA60.7	J63.3
CA60.8	J63.4
CA60.9	J63.5
CA70	J67
CA70.0	J67.0
CA70.1	J67.1
CA70.2	J67.2
CA70.3	J67.3
CA70.4	J67.4
CA70.5	J67.5
CA70.6	J67.6
CA70.7	J67.7
CA70.Y	J67.8
CA70.Z	J67
CA71	J69
CA71.0	J69.0
CA71.1	J69.1
CA71.2	J69
CA71.3	J69
CA71.Y	J69.8
CA71.Z	J69
CA72	J95.4
CA80	J66
CA80.0	J66.0
CA80.1	J66.1
CA80.2	J66.2
CA80.Y	J66.8
CA80.Z	J66
CA81	J68
CA81.0	J68.0
CA81.1	J68.1
CA81.2	J68.2
CA81.Y	J68.8
CA81.Z	J68
CA82	J70
CA82.0	J70.0
CA82.1	J70.1
CA82.2	J70.2
CA82.3	J70.3
CA82.4	B44.1
CA82.Y	J70.8
CA82.Z	J70
CB01	J81
CB03	J84
CB03.0	J84.8
CB03.1	J84.8
CB03.2	J84.1
CB03.3	J84.1
CB03.4	J84.1
CB03.5	J84.8
CB03.6	J84
CB03.Y	J84.8
CB03.Z	J84
CB04	J84.8
CB04.0	J84.8
CB04.1	J84.8
CB04.2	J84.8
CB04.3	J84.0
CB04.30	J84.0
CB04.31	J84.0
CB04.3Y	J84.0
CB04.3Z	J84.0
CB04.4	J84.8
CB04.5	J84.8
CB04.6	J84.8
CB04.7	J84.8
CB04.Y	J84.8
CB04.Z	J84.8
CB05.0	J84.0
CB05.1	J99.1
CB05.2	J99.8
CB05.3	J99.8
CB05.4	J99.8
CB05.40	J99.8
CB05.41	J99.8
CB05.4Y	J99.8
CB05.4Z	J99.8
CB05.5	J99.8
CB06	J84.9
CB07	J84.9
CB07.0	J84.9
CB07.1	J84.9
CB07.Y	J84.9
CB07.Z	J84.9
CB20	J92
CB21	J93.9
CB21.0	J93.0
CB21.1	J93.1
CB21.Y	J93.9
CB21.Z	J93.9
CB22	J98.5
CB22.0	J98.5
CB22.Y	J98.5
CB22.Z	J98.5
CB23	J98.6
CB24	J94.0
CB25	J94.1
CB26	J94.2
CB27	J90
CB2Y	J98.9
CB2Z	J98.9
CB40.2	J98.1
CB40.3	J98.2
CB40.4	J98.3
CB41	J96
CB41.0	J96.0
CB41.00	J96.0
CB41.01	J96.0
CB41.0Z	J96.0
CB41.1	J96.1
CB41.10	J96.1
CB41.11	J96.1
CB41.1Z	J96.1
CB41.2	J96.9
CB41.20	J96.9
CB41.21	J96.9
CB41.2Z	J96.9
CB60	J95.0
CB61	J95.3
CB62	J95.5
CB63	J95
CB64	J95
CB7Z	J98.9
DA00	K13.0
DA00.0	K13.0
DA00.1	K13.0
DA00.2	K13.0
DA00.3	K13.0
DA00.Y	K13.0
DA00.Z	K13.0
DA01.00	K13.2
DA01.01	K13.3
DA01.10	K12.0
DA01.11	K12.3
DA01.12	K12.1
DA01.13	L51.1
DA01.14	K12.3
DA01.15	K12.3
DA01.2	K13.4
DA01.20	K10.1
DA01.21	K13.4
DA01.2Y	K13.4
DA01.2Z	K13.4
DA01.30	K12.2
DA01.4	K13.6
DA01.40	K13.6
DA01.41	K13.6
DA01.42	K13.6
DA01.4Z	K13.6
DA02	K13
DA02.0	K13
DA02.1	K13
DA02.2	K13.5
DA02.3	K05.1
DA02.30	K05.1
DA02.31	K05.1
DA03	K14
DA03.0	K14.0
DA03.1	K14.1
DA03.2	K14.4
DA03.3	K14.2
DA03.4	K14.3
DA03.5	K14
DA03.Y	K14.8
DA03.Z	K14
DA04	K11
DA04.0	K11.0
DA04.1	K11.1
DA04.2	K11.2
DA04.3	K11.3
DA04.4	K11.5
DA04.5	K11.6
DA04.6	K11.7
DA04.7	K11
DA04.8	K11
DA04.Y	K11.8
DA04.Z	K11
DA05	K09
DA05.0	K09.0
DA05.1	K09.1
DA05.Y	K09.8
DA05.Z	K09
DA06	K10
DA06.0	K10.2
DA06.1	K10.3
DA06.2	K10
DA06.3	K10
DA06.Y	K10.8
DA06.Z	K10
DA07	K00.9
DA07.0	K00.9
DA07.1	K00.9
DA07.3	K00.4
DA07.4	K00.9
DA07.5	K00.9
DA07.6	K00.6
DA07.60	K00.7
DA07.61	K03.5
DA07.6Y	K00.6
DA07.6Z	K00.6
DA07.7	K01.0
DA07.8	K01.1
DA07.Y	K00.9
DA07.Z	K00.9
DA08.0	K02
DA08.1	K03
DA08.10	K03.0
DA08.11	K03.1
DA08.12	K03.2
DA08.13	K03
DA08.14	K03.3
DA08.15	K03.7
DA08.2	K03.8
DA08.3	K03.8
DA08.4	K03.6
DA09	K04
DA09.0	K04.0
DA09.1	K04.1
DA09.2	K04
DA09.3	K04
DA09.4	K04.2
DA09.5	K04.3
DA09.6	K04
DA09.60	K04
DA09.61	K04.6
DA09.62	K04.7
DA09.6Y	K04
DA09.6Z	K04
DA09.7	K04
DA09.70	K04.4
DA09.71	K04.5
DA09.7Y	K04
DA09.7Z	K04
DA09.8	K04.8
DA09.Y	K04.8
DA09.Z	K04
DA0A	K08
DA0A.0	K08.0
DA0A.1	K08.1
DA0A.2	K08.2
DA0A.3	K08.3
DA0A.Y	K08.8
DA0A.Z	K08
DA0B	K05
DA0B.0	K05
DA0B.1	K05
DA0B.2	K05
DA0B.3	K05
DA0B.4	K05
DA0B.5	K05
DA0B.6	K05
DA0B.Y	K05
DA0B.Z	K05
DA0C	K05.6
DA0C.0	K05.2
DA0C.1	K05.6
DA0C.2	K05.4
DA0C.3	K05.6
DA0C.30	K05.6
DA0C.31	K05.6
DA0C.3Y	K05.6
DA0C.3Z	K05.6
DA0C.4	K05.6
DA0C.5	K05.6
DA0C.Y	K05.6
DA0C.Z	K05.6
DA0D	K06
DA0D.0	K06.0
DA0D.1	K06.1
DA0D.2	K06.2
DA0D.3	K06
DA0D.4	K06
DA0D.5	K06
DA0D.Y	K06.8
DA0E	K07
DA0E.0	K07.0
DA0E.00	K07.0
DA0E.0Y	K07.0
DA0E.0Z	K07.0
DA0E.1	K07.1
DA0E.2	K07.2
DA0E.3	K07.3
DA0E.4	K07
DA0E.5	K07.4
DA0E.50	K07.4
DA0E.51	K07.4
DA0E.5Y	K07.4
DA0E.5Z	K07.4
DA0E.6	K07.5
DA0E.7	K07
DA0E.8	K07.6
DA0E.Y	K07.8
DA0E.Z	K07
DA0F.0	K14.6
DA20.0	K22.2
DA20.1	K22.5
DA20.2	K22.8
DA20.3	K22.3
DA20.30	K22.3
DA20.3Y	K22.3
DA20.3Z	K22.3
DA21	K22.4
DA21.0	K22.0
DA21.1	K22.4
DA21.2	K22.4
DA21.20	K22.4
DA21.21	K22.4
DA21.22	K22.4
DA21.2Y	K22.4
DA21.2Z	K22.4
DA21.3	K22.4
DA21.Y	K22.4
DA21.Z	K22.4
DA22	K21
DA22.0	K21
DA22.1	K21
DA22.Z	K21
DA23	K22.7
DA23.0	K22.7
DA23.1	K22.7
DA23.2	K22.7
DA23.Y	K22.7
DA23.Z	K22.7
DA24	K20
DA24.0	K20
DA24.00	K20
DA24.0Y	K20
DA24.0Z	K20
DA24.1	K20
DA24.2	K20
DA24.20	K20
DA24.21	K20
DA24.22	K20
DA24.2Z	K20
DA24.Y	K20
DA24.Z	K20
DA25	K22.1
DA25.0	K22.1
DA25.1	K22.1
DA25.10	K22.1
DA25.11	K22.1
DA25.12	K22.1
DA25.13	K22.1
DA25.1Y	K22.1
DA25.1Z	K22.1
DA25.2	K22.1
DA25.3	K22.1
DA25.30	K22.1
DA25.31	K22.1
DA25.32	K22.1
DA25.3Y	K22.1
DA25.3Z	K22.1
DA25.Y	K22.1
DA25.Z	K22.1
DA26.0	I85
DA26.00	I85.0
DA26.01	I85.9
DA26.0Z	I85
DA26.1	K22.8
DA26.2	K22.8
DA26.3	K22.6
DA40	K31
DA40.0	K31.1
DA40.1	K31.6
DA40.2	K31.8
DA40.3	K31.4
DA40.4	K31.2
DA40.5	K31
DA40.Y	K31.8
DA40.Z	K31
DA41.0	K31.8
DA41.00	K31.8
DA41.0Y	K31.8
DA41.0Z	K31.8
DA41.1	K31.0
DA41.2	K31.8
DA41.3	K31.8
DA42	K29.7
DA42.0	K29.7
DA42.1	K29.7
DA42.2	K29.7
DA42.3	K29.7
DA42.4	K52.2
DA42.40	K52.2
DA42.41	K52.2
DA42.4Y	K52.2
DA42.4Z	K52.2
DA42.5	K29.7
DA42.6	K29.7
DA42.7	K29.7
DA42.70	K29.7
DA42.71	K29.3
DA42.72	K29.0
DA42.73	K29.4
DA42.74	K29.7
DA42.75	K29.7
DA42.76	K29.7
DA42.7Y	K29.7
DA42.8	K52
DA42.80	K29.2
DA42.81	K52.0
DA42.82	K52
DA42.83	K52
DA42.8Z	K52
DA42.9	K29.7
DA42.Y	K29.7
DA42.Z	K29.7
DA43.0	I86.4
DA43.1	K31.8
DA43.2	K31.8
DA43.3	K31.8
DA43.4	K31.8
DA44	K31.7
DA44.0	K31.7
DA44.1	K31.7
DA44.2	K31.7
DA44.Y	K31.7
DA44.Z	K31.7
DA50	K31
DA50.0	K31.5
DA50.1	K57.1
DA50.2	K31.6
DA50.3	K31.8
DA50.Y	K31.8
DA50.Z	K31
DA51	K29
DA51.0	K29
DA51.1	K29
DA51.2	K29
DA51.3	K52.2
DA51.4	K29
DA51.40	K29
DA51.41	K29
DA51.4Z	K29
DA51.5	K52
DA51.50	K52
DA51.51	K52
DA51.52	K52
DA51.53	K52.0
DA51.5Y	K52.8
DA51.5Z	K52
DA51.6	K29
DA51.60	K29
DA51.6Y	K29
DA51.6Z	K29
DA51.Y	K29.8
DA51.Z	K29
DA52.0	I86.8
DA52.1	K31.8
DA52.2	K31.8
DA53	K31.7
DA53.0	K31.7
DA53.Y	K31.7
DA53.Z	K31.7
DA60	K25
DA60.0	K25
DA60.1	K25
DA60.2	K25
DA60.3	K25
DA60.4	K25
DA60.5	K25
DA60.6	K25
DA60.60	K25
DA60.61	K25
DA60.62	K25
DA60.63	K25
DA60.6Y	K25
DA60.6Z	K25
DA60.7	K25
DA60.Y	K25
DA60.Z	K25
DA61	K27
DA62	K28
DA62.0	K28
DA62.1	K28
DA62.2	K28
DA62.3	K28
DA62.Y	K28
DA62.Z	K28
DA63	K26
DA63.0	K26
DA63.1	K26
DA63.2	K26
DA63.3	K26
DA63.4	K26
DA63.5	K26
DA63.50	K26
DA63.51	K26
DA63.52	K26
DA63.5Y	K26
DA63.5Z	K26
DA63.6	K26
DA63.60	K26
DA63.61	K26
DA63.62	K26
DA63.63	K26
DA63.6Z	K26
DA63.Y	K26
DA63.Z	K26
DA90.0	K52.9
DA91	K56
DA91.0	K56.1
DA91.1	K56.2
DA91.2	K56.5
DA91.3	K56
DA91.30	K56.3
DA91.31	K56.4
DA91.3Y	K56
DA91.3Z	K56
DA91.Y	K56
DA91.Z	K56
DA92.0	K63.2
DA92.1	K63.8
DA93.0	K56.0
DA94.0	K63.3
DA94.00	K63.3
DA94.01	K63.3
DA94.02	K63.3
DA94.0Y	K63.3
DA94.0Z	K63.3
DA94.2	K52.2
DA94.20	K52.2
DA94.21	K52.2
DA94.22	K52.2
DA94.2Y	K52.2
DA94.2Z	K52.2
DA94.3	K51.8
DA94.30	K51.8
DA94.31	K51.8
DA94.32	K51.8
DA94.3Z	K51.8
DA95	K90.0
DA96.0	K90.9
DA96.00	K90.9
DA96.01	K90.1
DA96.02	K90.9
DA96.04	K90.9
DA96.05	K90.9
DA96.0Y	K90.9
DA96.0Z	K90.9
DA96.1	K90.4
DA97	K55
DA97.0	K55.3
DA97.1	K55
DA97.2	K55
DA97.3	K55
DA97.Z	K55
DA98	K63.8
DA98.0	K63.8
DA98.1	K63.8
DA98.2	K63.8
DA98.3	K63.8
DA98.Y	K63.8
DA98.Z	K63.8
DB10	K37
DB10.0	K35
DB10.00	K35.2
DB10.01	K35.3
DB10.02	K35
DB10.1	K37
DB10.Y	K37
DB10.Z	K37
DB11	K38
DB11.0	K38
DB11.1	K38.0
DB11.2	K38.1
DB11.3	K38.2
DB11.4	K38.3
DB11.5	K38
DB11.6	K38
DB30.0	K56.1
DB30.1	K56.2
DB30.2	K56.5
DB30.3	K56.4
DB30.4	K62.4
DB31.0	K63.2
DB31.1	K63.8
DB31.2	K62.3
DB32	K59.8
DB32.0	K56.0
DB32.1	K59.0
DB32.2	K59.8
DB32.20	K59.3
DB32.2Y	K59.8
DB32.2Z	K59.8
DB32.3	K59.8
DB32.Y	K59.8
DB32.Z	K59.8
DB33.0	K63.3
DB33.2	K52
DB33.20	K52
DB33.2Y	K52.8
DB33.2Z	K52
DB33.4	K52
DB33.40	K52.1
DB33.41	K52.0
DB33.42	K62.7
DB33.43	K52.1
DB33.4Y	K52.8
DB33.4Z	K52
DB34	K55
DB34.0	K55.2
DB34.1	K55
DB34.2	K55
DB34.3	K55
DB34.4	K55
DB34.Y	K55.8
DB34.Z	K55
DB35.1	K51.4
DB35.4	K51.4
DB36	K63.8
DB36.0	K63.0
DB36.1	K61.1
DB36.10	K61.1
DB36.11	K61.3
DB36.12	K61.1
DB36.Y	K63.8
DB36.Z	K63.8
DB50	K60
DB50.0	K60
DB50.1	K60.3
DB50.2	K60.5
DB50.Y	K60
DB50.Z	K60
DB51	K62.4
DB52	K62.6
DB53	K62.2
DB60	K64
DB60.0	K64.0
DB60.1	K64.1
DB60.2	K64.2
DB60.3	K64.3
DB60.Z	K64
DB61	K64.5
DB62	K64.4
DB6Y	K64.8
DB6Z	K64
DB70	K62.8
DB70.0	K61
DB70.00	K61.0
DB70.01	K61.2
DB70.02	K61.4
DB70.0Y	K61
DB70.0Z	K61
DB70.Y	K62.8
DB70.Z	K62.8
DB71	K62.0
DB71.0	K62.0
DB71.1	K62.0
DB71.2	K62.0
DB71.Y	K62.0
DB71.Z	K62.0
DB72	K62
DB72.0	K59.4
DB90.0	K75.0
DB91	K72.0
DB91.0	K72.0
DB91.1	K72.0
DB91.Z	K72.0
DB92.0	K76.0
DB92.1	K75.8
DB93	K74
DB93.0	K74.0
DB93.1	K74
DB93.2	K74
DB93.20	K74
DB93.21	K74
DB93.Y	K74
DB94	K70
DB94.0	K70.0
DB94.1	K70.1
DB94.10	K70.1
DB94.1Y	K70.1
DB94.1Z	K70.1
DB94.2	K70.2
DB94.3	K70.3
DB94.Y	K70
DB94.Z	K70
DB95	K71
DB95.0	K71
DB95.1	K71
DB95.10	K71
DB95.11	K71
DB95.1Z	K71
DB95.2	K71.0
DB95.20	K71.0
DB95.2Y	K71.0
DB95.2Z	K71.0
DB95.3	K71
DB95.30	K71
DB95.3Y	K71
DB95.3Z	K71
DB95.4	K71
DB95.5	K71.7
DB95.6	K71
DB95.7	K71
DB95.Y	K71.8
DB95.Z	K71
DB96.0	K75.4
DB96.1	K74.3
DB96.10	K74.3
DB96.1Y	K74.3
DB96.1Z	K74.3
DB97	K75
DB97.0	K75.3
DB97.1	K75
DB97.2	K73
DB97.Y	K75.8
DB97.Z	K75
DB98.0	K76.3
DB98.1	K76.4
DB98.2	K76.8
DB98.3	I81
DB98.5	I82.0
DB98.6	K76.5
DB98.7	K76.6
DB98.70	K76.6
DB98.71	K76.6
DB98.72	K76.6
DB98.73	K76.6
DB98.74	K76.6
DB98.7Y	K76.6
DB98.7Z	K76.6
DB98.8	K76
DB98.9	I72.8
DB98.A	K76.8
DB98.B	K76.8
DB99	K76
DB99.0	K76
DB99.1	K76
DB99.10	K76
DB99.1Y	K76
DB99.1Z	K76
DB99.2	K76.7
DB99.3	K76
DB99.4	K76
DB99.5	K76
DB99.6	K76
DB99.60	K76
DB99.6Y	K76
DB99.6Z	K76
DB99.7	K72.9
DB99.8	K72.1
DB99.Y	K76.8
DC10.01	K82.0
DC10.02	K83.1
DC10.1	K82.1
DC10.2	K82.3
DC10.4	K82.4
DC11	K80
DC11.0	K80.0
DC11.1	K80.1
DC11.2	K80
DC11.3	K80.2
DC11.4	K80.3
DC11.5	K80.4
DC11.6	K80.5
DC11.7	K80
DC11.Y	K80.8
DC11.Z	K80
DC12	K81
DC12.0	K81.0
DC12.00	K81.0
DC12.0Y	K81.0
DC12.0Z	K81.0
DC12.1	K81.1
DC12.Y	K81.8
DC12.Z	K81
DC13	K83.0
DC14.1	K91.5
DC14.2	K83.4
DC30	K86
DC30.0	K86.2
DC30.1	K86.3
DC30.Y	K86.8
DC30.Z	K86
DC31	K85
DC31.0	K85.0
DC31.1	K85.2
DC31.2	K85.1
DC31.3	K85.3
DC31.4	K85.8
DC31.5	K85.8
DC31.Y	K85.8
DC31.Z	K85
DC32	K86
DC32.0	K86.1
DC32.1	K86.1
DC32.2	K86.1
DC32.3	K86.0
DC32.4	K86.1
DC32.5	K86.1
DC32.Y	K86.8
DC32.Z	K86
DC33	K86.1
DC34	K86.8
DC35	K86.8
DC35.0	K86.8
DC35.1	K86.8
DC35.2	K90.3
DC50	K65
DC50.0	K65.0
DC50.00	K65.0
DC50.01	K65.0
DC50.1	K67.8
DC50.10	K67.8
DC50.11	K65.8
DC50.12	K65.8
DC50.13	K67.8
DC50.1Y	K67.8
DC50.1Z	K67.8
DC50.2	K65.0
DC50.Z	K65
DC51	K66
DC51.0	K66
DC51.1	K66.0
DC51.2	K66.1
DC51.Y	K66.8
DC70	K57
DC70.0	K57
DC70.00	K57.0
DC70.0Y	K57
DC70.0Z	K57
DC70.1	K57.5
DC70.Z	K57
DC71	K57.5
DC71.0	K57.5
DC71.1	K57.5
DC71.Z	K57.5
DC72	K57.5
DC72.0	K57.5
DC72.1	K57.5
DC72.Z	K57.5
DC80	K57
DC80.0	K57
DC80.00	K57
DC80.0Y	K57
DC80.0Z	K57
DC80.1	K57.5
DC80.Z	K57
DC81	K57.5
DC81.0	K57.5
DC81.1	K57.5
DC81.Z	K57.5
DC82	K57.5
DC82.0	K57.5
DC82.1	K57.5
DC82.Z	K57.5
DC90	K57.5
DD00	K57.9
DD00.0	K57.9
DD00.00	K57.9
DD00.0Y	K57.9
DD00.0Z	K57.9
DD00.1	K57.9
DD00.Z	K57.9
DD01	K57.9
DD01.0	K57.9
DD01.1	K57.9
DD01.Z	K57.9
DD02	K57.9
DD02.0	K57.9
DD02.1	K57.9
DD02.Z	K57.9
DD1Z	K57
DD30	K55.0
DD30.0	K55.0
DD30.1	K55.0
DD30.2	K55.0
DD30.Y	K55.0
DD30.Z	K55.0
DD31	K55.1
DD31.0	K55.0
DD31.00	K55.0
DD31.0Y	K55.0
DD31.0Z	K55.0
DD31.Y	K55.1
DD31.Z	K55.1
DD3Y	K55.8
DD3Z	K55
DD50.0	K44
DD51	K40
DD52	K41
DD53	K42
DD54	K42
DD55	K43
DD56	K43
DD57	K43
DD70	K50
DD70.0	K50
DD70.1	K50.0
DD70.2	K50
DD70.3	K50.1
DD70.4	K50
DD70.5	K50.8
DD70.6	K50
DD70.Y	K50.8
DD70.Z	K50
DD71	K51
DD71.0	K51.0
DD71.1	K51.5
DD71.2	K51.3
DD71.3	K51.2
DD71.Y	K51.8
DD71.Z	K51
DD72	K52.3
DD90.0	K30
DD90.1	K30
DD90.2	K59.8
DD90.3	K30
DD91.0	K58
DD91.00	K58.2
DD91.01	K58.1
DD91.02	K58.3
DD91.03	K58.8
DD91.0Z	K58
DD91.1	K59.0
DD91.2	K59.1
DD93	K59.9
DD93.0	P92.1
DD93.1	R10.4
DD93.2	R19.8
DD93.Y	K59.9
DD93.Z	K59.9
DD94	K82.8
DE10	K91.0
DE11	K91.1
DE12	K91
DE12.0	K91.4
DE12.1	K91
DE13	K91
EA00	B09
EA0Y	B09
EA10	L42
EA11	L29.8
EA12	L44.4
EA20	L99.8
EA3Z	L99.8
EA40	L98.4
EA50	L08.8
EA50.0	L54.0
EA50.1	L53.8
EA50.2	L00
EA50.3	L08.8
EA50.Y	L08.8
EA50.Z	L08.8
EA51	A31.1
EA5Y	L99.8
EA5Z	L99.8
EA60	L99.8
EA60.0	L99.8
EA60.1	L99.8
EA60.Y	L99.8
EA60.Z	L99.8
EA6Y	L99.8
EA80	L20
EA80.0	L20.8
EA80.1	L20.8
EA80.2	L20.8
EA80.Y	L20.8
EA80.Z	L20
EA81	L21
EA81.0	L21
EA81.1	L21.0
EA81.Y	L21.8
EA81.Z	L21
EA82	L30.0
EA83.0	L28.0
EA83.00	L28.0
EA83.01	L28.0
EA83.02	L28.0
EA83.0Y	L28.0
EA83.0Z	L28.0
EA84	L30.8
EA85.0	L30.1
EA85.1	L30.8
EA85.2	L30.9
EA85.20	L20.8
EA85.2Y	L30.9
EA85.2Z	L30.9
EA85.3	L30.9
EA86.0	I83.1
EA87	L30.8
EA87.0	L30.8
EA87.1	L30.8
EA87.2	L30.8
EA87.Z	L30.8
EA88.0	L30.3
EA88.00	L30.3
EA88.0Y	L30.3
EA88.0Z	L30.3
EA88.1	L20.9
EA88.2	L30.2
EA88.3	L20.9
EA88.4	L30.5
EA89	L30.9
EA90	L40.9
EA90.0	L40.0
EA90.1	L40.4
EA90.2	L40.9
EA90.3	L40.9
EA90.4	L40.9
EA90.40	L40.1
EA90.41	L40.2
EA90.42	L40.3
EA90.4Y	L40.9
EA90.4Z	L40.9
EA90.5	L40.9
EA90.50	L40.9
EA90.51	L40.9
EA90.52	L40.9
EA90.53	L40.9
EA90.5Y	L40.9
EA90.Y	L40.9
EA90.Z	L40.9
EA91	L43
EA91.0	L43
EA91.1	L43.0
EA91.2	L43
EA91.3	L43
EA91.4	L43
EA91.40	L43.8
EA91.41	L43.8
EA91.42	L43.8
EA91.43	K12.3
EA91.4Y	L43
EA91.5	L43
EA91.6	L43.3
EA91.Y	L43.8
EA91.Z	L43
EA92	L44.9
EA93	L44.9
EA94	L44.0
EA95	L41.3
EB00.1	L50.1
EB01.0	L50.3
EB01.1	L50.2
EB01.3	L50.6
EB02.0	L50.5
EB04	T78.3
EB05	L50.9
EB10	L53.8
EB12	L51.9
EB12.0	L51.9
EB12.1	L51.9
EB12.Y	L51.9
EB12.Z	L51.9
EB13.0	L51.1
EB13.1	L51.2
EB13.2	L51.8
EB20	L98.2
EB21	L08.0
EB30	L98.3
EB31	L52
EB40	L10
EB40.0	L10.0
EB40.00	L10.0
EB40.0Y	L10.0
EB40.0Z	L10.0
EB40.1	L10.2
EB40.2	L10
EB40.Y	L10.8
EB40.Z	L10
EB41	L12
EB41.0	L12.0
EB41.1	L12
EB41.Y	L12.8
EB41.Z	L12
EB42	L13.8
EB43	L12.3
EB44	L13.0
EB50	L93.1
EB51	L93.0
EB51.0	L93.2
EB51.Y	L93.0
EB51.Z	L93.0
EB5Z	L93
EB60	L90.0
EB60.0	N90.4
EB60.1	N48.0
EB60.Y	L90.0
EB60.Z	L90.0
EB61	L94.0
EB61.0	L94.0
EB61.1	L94.1
EB61.Y	L94.0
EB61.Z	L94.0
EB90	L98.9
EB90.1	L98.5
EB90.10	L98.5
EB90.11	L98.5
EB90.12	L98.5
EB90.1Y	L98.5
EB90.2	E75.5
EB90.20	E75.5
EB90.21	E78.2
EB90.22	E78.2
EB90.23	E75.5
EB90.2Z	E75.5
EB90.3	L98.9
EB90.30	E80.2
EB90.3Y	L98.9
EB90.4	L98.9
EB90.40	L94.2
EB90.41	M79.3
EB90.42	I77.8
EB90.4Y	L98.9
EB9Y	L99.8
EC10	L99.8
EC1Y	L99.8
EC20	L99.8
EC20.0	Q82.8
EC20.00	Q80.0
EC20.01	Q80.1
EC20.02	Q82.8
EC20.03	Q82.8
EC20.0Y	Q82.8
EC20.1	Q82.8
EC20.2	L11.8
EC20.3	Q82.8
EC20.30	Q82.8
EC20.31	Q82.8
EC20.32	Q82.8
EC20.3Z	Q82.8
EC20.Y	L99.8
EC21	Q84.2
EC21.0	Q84.1
EC21.1	Q84.2
EC21.2	L65.8
EC21.3	Q84.0
EC21.4	L68.8
EC21.Y	Q84.2
EC21.Z	Q84.2
EC22	Q84.6
EC22.0	Q84.6
EC23	Q82.9
EC23.0	L81.4
EC23.1	L81.4
EC23.2	E70.3
EC23.20	E70.3
EC23.2Y	E70.3
EC23.Y	Q82.9
EC23.Z	Q82.9
EC30	Q81.0
EC31	Q81
EC32	Q81.2
EC33	Q81.8
EC3Z	Q81
EC40	Q82.8
EC4Y	Q82
EC50	Q82.8
EC5Y	Q82.9
EC7Y	Q82.8
EC90	L29
EC90.0	L29
EC90.1	L29
EC90.10	L29
EC90.11	L29
EC90.12	L29
EC90.1Y	L29
EC90.2	L29
EC90.3	L29
EC90.4	L29
EC90.5	L29.3
EC90.6	L29
EC90.Y	L29.8
EC90.Z	L29
EC91	F54
EC91.0	L28.1
EC91.1	L20.0
EC91.Z	F54
EC92	F54
EC92.0	F45.4
EC92.1	F45.4
EC9Y	F54
ED00	L98.1
ED01	Z76.5
ED02	F54
ED0Y	F54
ED2Y	F54
ED30	L98.8
ED30.0	L98.8
ED30.Y	L98.8
ED31	E53.9
ED3Y	F54
ED50	L85.9
ED50.0	L85.0
ED50.Z	L85.9
ED51	L85.9
ED51.0	L83
ED51.00	L83
ED51.0Y	L83
ED51.0Z	L83
ED51.Y	L85.9
ED51.Z	L85.9
ED52	L85.9
ED53	L85.9
ED54	L85.3
ED55	L85.9
ED55.0	L85.1
ED55.Z	L85.9
ED56	L11.0
ED5Y	L85.9
ED60	L81.9
ED60.0	L81.9
ED60.00	L81.9
ED60.01	L81.9
ED60.1	L81.1
ED60.2	L81.0
ED60.Y	L81.9
ED60.Z	L81.9
ED61	L81.9
ED61.0	L81.2
ED61.1	L81.9
ED61.10	L81.9
ED61.11	L81.9
ED61.1Y	L81.9
ED61.Y	L81.9
ED62	L81.9
ED62.0	L81.9
ED62.Y	L81.9
ED63	L81.9
ED63.0	L80
ED63.1	L81.9
ED63.2	L81.9
ED63.3	L81.9
ED63.Y	L81.9
ED63.Z	L81.9
ED64	L81.9
ED6Y	L81.9
ED70	L65
ED70.0	L65.8
ED70.1	L65.8
ED70.2	L63
ED70.20	L63
ED70.21	L63.0
ED70.2Y	L63.8
ED70.2Z	L63
ED70.3	L65.0
ED70.30	L65.0
ED70.31	L65.0
ED70.3Y	L65.0
ED70.3Z	L65.0
ED70.4	L65.1
ED70.5	L66
ED70.50	L66.2
ED70.51	L66.3
ED70.5Y	L66.8
ED70.5Z	L66
ED70.Y	L65.8
ED70.Z	L65
ED71	L68
ED72.0	L68.0
ED72.1	L68.0
ED73	L67
ED73.0	L67
ED73.1	L67.1
ED73.10	L67.1
ED73.11	L67.1
ED73.Y	L67.8
ED80	L70
ED80.0	L70
ED80.1	L70
ED80.2	L70
ED80.3	L70
ED80.4	L70
ED80.40	L70
ED80.41	L70.1
ED80.4Y	L70
ED80.4Z	L70
ED80.5	L70
ED80.6	L70.4
ED80.Y	L70.8
ED80.Z	L70
ED81	L73.8
ED81.0	L73.8
ED81.1	L70.8
ED81.Y	L73.8
ED81.Z	L73.8
ED90	L71.8
ED90.0	L71.9
ED90.00	L71.9
ED90.01	L71.9
ED90.02	L71.9
ED90.0Y	L71.9
ED90.0Z	L71.9
ED90.1	L71.0
ED90.Y	L71.8
ED90.Z	L71.8
ED91	L73.9
ED91.0	L73.8
ED91.1	L73.8
ED91.2	L73.8
ED91.Y	L73.9
ED91.Z	L73.9
ED92.0	L73.2
ED92.1	L75
EE00	R61
EE00.0	R61.0
EE00.00	R61.0
EE00.01	R61.0
EE00.02	R61.0
EE00.0Y	R61.0
EE00.0Z	R61.0
EE00.1	R61.1
EE00.Z	R61
EE01	L74.4
EE01.0	L74.4
EE01.1	L74.4
EE01.2	L74.4
EE01.Y	L74.4
EE01.Z	L74.4
EE02	L74.3
EE02.0	L74.8
EE02.Y	L74.3
EE02.Z	L74.3
EE0Y	L74.8
EE10	L60
EE10.0	L60
EE10.1	L60
EE10.10	L60
EE10.1Y	L60
EE10.1Z	L60
EE10.2	L60.1
EE10.3	L60
EE10.4	L60
EE10.5	L60.3
EE10.Y	L60
EE10.Z	L60
EE11	L60
EE11.0	L60
EE11.1	L60.5
EE11.Y	L60
EE11.Z	L60
EE12	L60
EE12.0	L60
EE12.1	L60
EE12.Y	L60
EE12.Z	L60
EE13	L60.8
EE13.0	L60.8
EE13.1	L60.0
EE13.10	L60.0
EE13.11	L60.0
EE13.1Y	L60.0
EE13.1Z	L60.0
EE13.2	L60.8
EE13.3	L60.8
EE13.4	L62
EE13.5	L60.8
EE13.Y	L60.8
EE1Y	L60.8
EE1Z	L60
EE20	L98.8
EE21	R23.4
EE40	L90.9
EE40.0	L90.9
EE40.1	L90.6
EE40.10	L90.6
EE40.1Y	L90.6
EE40.1Z	L90.6
EE40.2	L90.9
EE40.3	L90.9
EE40.30	L90.9
EE40.31	L90.9
EE40.32	L90.9
EE40.Y	L90.9
EE40.Z	L90.9
EE41.0	Q82.8
EE41.1	L90.8
EE50	L81.6
EE60	L91
EE60.0	L91
EE60.00	L91
EE60.0Y	L91
EE60.0Z	L91
EE60.1	L91.0
EE60.Y	L91
EE61	L91
EE6Y	L91.8
EE6Z	L91
EE70	L87.9
EE70.0	L87.0
EE70.Y	L87.9
EE70.Z	L87.9
EE80	L92
EE80.0	L92.0
EE80.1	L92.1
EE80.Z	L92
EE81	L92.8
EE8Y	L92.8
EE8Z	L92
EE90	L98.6
EE91	L98.8
EF00	M79.3
EF00.0	M79.3
EF00.Y	M79.3
EF00.Z	M79.3
EF01	E88.1
EF01.0	E88.1
EF01.1	E88.1
EF01.Y	E88.1
EF01.Z	E88.1
EF02	L98.8
EF02.0	L98.8
EF02.1	L98.8
EF02.2	R60.9
EF02.3	L98.8
EF02.Y	L98.8
EF02.Z	L98.8
EF20.0	I78.1
EF20.3	I78.1
EF20.4	I78.1
EF30	D69.8
EF31	D69.2
EF3Y	D69.2
EF3Z	D69.2
EF40.0	L81.7
EF40.1	L95.8
EF40.10	L95.8
EF40.1Y	L95.8
EF40.2	L95.8
EF40.20	L92.2
EF40.2Y	L95.8
EF50	L95.0
EF5Y	L99.8
EF60	L98.4
EF70	L99.8
EF7Y	L99.8
EF7Z	L99.8
EF9Y	L99.8
EG00	L98.8
EG01	L98.8
EG02	L98.8
EG30	L98.8
EG30.0	L73.9
EG30.1	L98.8
EG30.2	L44.8
EG30.Y	L98.8
EG30.Z	L98.8
EG40	L25.9
EG40.0	L23.9
EG4Y	H61.8
EG4Z	H61.8
EG60	L29.0
EG61	K62.8
EG63	L05.9
EG63.0	L05.9
EG63.1	L05
EG63.2	L05.0
EG63.Z	L05.9
EG7Y	L98.8
EG9Y	L98.8
EG9Z	L98.8
EH10	P39.4
EH11	P39.4
EH12	P39.4
EH1Z	P39.4
EH3Y	P83.8
EH40	L98.9
EH40.0	L21.1
EH40.00	L21.1
EH40.01	L21.1
EH40.02	L21.1
EH40.0Z	L21.1
EH40.1	L22
EH40.10	L22
EH40.1Y	L22
EH40.1Z	L22
EH40.2	L53.8
EH40.3	L98.8
EH40.Y	L98.9
EH40.Z	L98.9
EH60	L27.0
EH61	T78.8
EH61.0	T78.8
EH61.1	T78.8
EH62	L43.2
EH63	L27.0
EH63.0	L27.0
EH63.1	L27.0
EH63.2	L27.0
EH64	L27.0
EH65	L27.0
EH66	T78.8
EH67	L70.8
EH67.0	L70.8
EH67.Y	L70.8
EH67.Z	L70.8
EH6Y	L27.0
EH6Z	L27.0
EH70	T78.8
EH71	T78.8
EH72	T78.8
EH72.0	T78.8
EH72.00	T78.8
EH72.01	L65.1
EH72.Y	T78.8
EH72.Z	T78.8
EH73	T78.8
EH74	T78.8
EH75	T78.8
EH76	L27.0
EH76.0	L98.9
EH76.1	L98.9
EH76.2	L98.9
EH76.3	L98.9
EH76.Y	L27.0
EH77	L27.1
EH78	L27.0
EH7Y	L27.0
EH7Z	L27.0
EH90	L89
EH90.0	L89.0
EH90.1	L89.1
EH90.2	L89.2
EH90.3	L89.3
EH90.4	L89
EH90.5	L89
EH90.Z	L89
EH92	T14.0
EH92.0	L84
EH92.00	L84
EH92.01	L84
EH92.0Z	L84
EH92.1	T14.0
EH92.Y	T14.0
EH93	L98.8
EH93.0	L81.8
EH93.1	L92.3
EH93.2	L92.3
EH93.3	L92.3
EH93.Y	L98.8
EH93.Z	L98.8
EH94	L90.5
EJ0Y	L98.8
EJ10	L59.0
EJ1Y	L98.8
EJ20	L57
EJ20.0	L57.4
EJ20.1	L57
EJ20.2	L57
EJ20.3	L57
EJ20.Z	L57
EJ2Y	L57.8
EJ30.0	L56.4
EJ30.1	L57.1
EJ40	L55
EJ40.0	L55.0
EJ40.1	L55.1
EJ40.Z	L55
EJ41	L55.8
EJ41.0	L55.8
EJ41.Y	L55.8
EJ41.Z	L55.8
EJ4Z	L56.9
EJ71	L58
EJ7Z	L58
EK00	L23
EK00.0	L23
EK00.1	L23.2
EK00.2	L23
EK00.3	L23
EK00.4	L23
EK00.5	L23
EK00.6	L23.0
EK00.7	L23.7
EK00.8	L23.1
EK00.9	L23.5
EK00.A	L23
EK00.B	L23
EK00.C	L23.3
EK00.Y	L23.8
EK00.Z	L23
EK01	L23.8
EK02	L24
EK02.0	L24
EK02.00	L24.0
EK02.01	L24.2
EK02.02	L24.5
EK02.03	L24.3
EK02.04	L24
EK02.05	L24.7
EK02.06	L24.6
EK02.2	L24
EK02.20	L30.4
EK02.21	L24
EK02.22	L24
EK02.23	L24
EK02.24	L24
EK02.Y	L24.8
EK02.Z	L24
EK10	L50.0
EK10.0	L50.0
EK10.1	L50.0
EK10.Y	L50.0
EK10.Z	L50.0
EK11	L25.5
EK12	L23.8
EK20	L56.8
EK2Y	L56.8
EK2Z	L56.8
EK50	T63.9
EK50.0	T63.9
EK50.00	T63.9
EK50.01	T63.9
EK50.02	T63.9
EK50.0Y	T63.9
EK50.0Z	T63.9
EK70	L72
EK70.0	L72.0
EK70.00	L72.0
EK70.0Z	L72.0
EK70.1	L72.1
EK70.2	L72
EK70.3	L72
EK70.Y	L72.8
EK70.Z	L72
EK71	L91.8
EK71.0	L91.8
EK71.1	L91.8
EK71.Z	L91.8
EK90.0	L57.0
EK90.1	L57.0
EK91	L98.9
EK91.0	L41.4
EK91.1	L94.5
EK91.2	M35.8
EK92	D76.3
EL10	L99.8
EL50	L90.5
EL50.0	L91.0
EL50.1	L91.0
EL50.2	L90.5
EL50.3	L98.9
EL50.Z	L90.5
EL51	T85.8
EL52	T85.8
EL53	T86.8
EL54	T86.8
EL60	L58.0
EL61	L58.1
EL63	L59.8
EL73	L98.9
EL73.0	L98.9
EL73.1	L98.9
EL73.2	L98.9
EL73.3	L98.9
EL73.4	L98.9
EL73.5	L98.9
EL73.6	L98.9
EL80	L99.8
FA00	M16
FA00.0	M16
FA00.1	M16
FA00.2	M16
FA00.Z	M16
FA01	M17
FA01.0	M17
FA01.1	M17
FA01.2	M17
FA01.Z	M17
FA03	M47.9
FA03.0	M47.9
FA03.1	M47.9
FA03.2	M47.9
FA03.Z	M47.9
FA05	M15
FA10	M00.9
FA10.0	M00.9
FA10.1	M00.9
FA10.2	M01.6
FA10.Z	M00.9
FA11	M02
FA11.0	M02.0
FA11.1	M02.2
FA11.2	M02.3
FA11.Y	M02.8
FA11.Z	M02
FA12	M03
FA12.0	M03
FA12.1	M03
FA12.2	M03
FA12.3	M03
FA12.Y	M03
FA12.Z	M03
FA13	M49.3
FA20	M06.0
FA20.0	M05
FA20.1	M06.0
FA20.Z	M06.0
FA21	L40.5
FA21.0	M07.2
FA21.Y	L40.5
FA21.Z	L40.5
FA22	M35.3
FA23	M06.1
FA24	M08
FA24.0	M08
FA24.00	M08
FA24.01	M08
FA24.0Z	M08
FA24.1	M08
FA24.2	M09.0
FA24.3	M08
FA24.4	M08.2
FA24.Y	M08.8
FA24.Z	M08
FA25	M10
FA25.0	M10.0
FA25.1	M10
FA25.10	M10.1
FA25.11	M10.2
FA25.12	M14.0
FA25.1Y	M10
FA25.1Z	M10
FA25.2	M10.9
FA25.20	M10.9
FA25.2Y	M10.9
FA25.2Z	M10.9
FA26	M11
FA26.0	M11
FA26.1	M11.0
FA26.2	M11.2
FA26.Y	M11.8
FA26.Z	M11
FA27	M12
FA27.0	M12.1
FA27.1	M12.2
FA27.2	M12.3
FA27.3	M67.3
FA27.4	M12.4
FA27.Y	M12.8
FA30	M20
FA30.0	M20.1
FA30.1	M20.2
FA30.2	M20.4
FA30.Y	M20
FA30.Z	M20
FA31	M21
FA31.0	M21.0
FA31.1	M21.1
FA31.2	M21.2
FA31.3	M21.3
FA31.4	M21
FA31.5	M21.4
FA31.6	M21
FA31.7	M21.5
FA31.8	M21.7
FA31.Y	M21.8
FA31.Z	M21
FA32	M22
FA32.0	M22
FA32.1	M22.2
FA32.Y	M22.8
FA32.Z	M22
FA33	M23
FA33.0	M23.0
FA33.1	M23.1
FA33.2	M23.2
FA33.3	M23.4
FA33.4	M23.5
FA33.40	M23.5
FA33.4Y	M23.5
FA33.4Z	M23.5
FA33.Y	M23.8
FA33.Z	M23
FA34	M24
FA34.0	M24.0
FA34.1	M24.2
FA34.2	M24.4
FA34.3	M24.5
FA34.4	M24.6
FA34.5	M24
FA34.Y	M24.8
FA36	M25.4
FA36.0	M25.0
FA36.Y	M25.4
FA36.Z	M25.4
FA37	M25
FA37.0	M25.7
FA37.Y	M25.8
FA37.Z	M25
FA38	M14
FA38.0	M14.2
FA38.1	M14.6
FA38.10	M14.6
FA38.1Y	M14.6
FA38.1Z	M14.6
FA38.2	M36.4
FA38.3	M36.2
FA38.Y	M14.8
FA70.0	M40
FA70.1	M41
FA70.2	M40
FA71	M43.6
FA72	M48
FA72.0	M48.1
FA72.1	M48.2
FA72.2	M48.3
FA72.3	M48.4
FA72.4	M48.5
FA72.Y	M48.8
FA72.Z	M48
FA80.0	M50.3
FA80.1	M50.2
FA80.2	M50.3
FA80.3	M50
FA80.4	M51.3
FA80.5	M51.2
FA80.6	M51.3
FA80.7	M51
FA80.8	M51.3
FA80.9	M51.2
FA80.A	M51.3
FA80.B	M51
FA81	M43.0
FA81.0	M43.0
FA81.1	M43.0
FA81.Z	M43.0
FA82	M48.0
FA83	M48.8
FA84	M43.1
FA84.0	M43.1
FA84.1	M43.1
FA84.Z	M43.1
FA85	M42.9
FA85.0	M42.9
FA85.1	M42.1
FA85.10	M51.4
FA85.11	M42.1
FA85.12	M42.1
FA85.1Y	M42.1
FA85.1Z	M42.1
FA85.Y	M42.9
FA85.Z	M42.9
FA8Y	M47.9
FA8Z	M47.9
FA90	M46.2
FA90.0	M46.2
FA90.1	M46.2
FA90.Y	M46.2
FA90.Z	M46.2
FA91	M46.3
FA92.0	M45
FA92.00	M46.0
FA92.01	M46.1
FA92.0Y	M45
FA92.0Z	M45
FA92.1	M47.8
FB00	M43.2
FB10	M53.2
FB30	M60.0
FB31	M61
FB31.0	M61
FB31.1	M61.1
FB31.Y	M61
FB31.Z	M61
FB32	M62
FB32.0	M62.0
FB32.1	M62.1
FB32.2	M62.2
FB32.20	M62.2
FB32.2Y	M62.2
FB32.2Z	M62.2
FB32.3	M62.3
FB32.4	M62.4
FB32.5	M62.6
FB32.Y	M62.8
FB33	M63
FB40	M65
FB40.0	M65
FB40.1	M65
FB40.2	M65
FB40.3	M65.2
FB40.4	M65.3
FB40.5	M65.4
FB40.Y	M65.8
FB40.Z	M65
FB41	M66
FB41.0	M66.0
FB41.1	M66.1
FB41.2	M66.5
FB41.Y	M66
FB41.Z	M66
FB42	M67
FB42.0	M67.0
FB42.1	M67
FB42.2	M67.4
FB42.3	M67
FB43	M68
FB50	M71
FB50.0	M71
FB50.1	M70.8
FB50.2	M71.2
FB50.3	M71.4
FB50.Y	M71.8
FB50.Z	M71
FB51	M72
FB51.0	M72.0
FB51.1	M72.1
FB51.2	M72.4
FB51.3	M79.0
FB51.4	K66.2
FB51.40	K66.2
FB51.4Y	K66.2
FB51.4Z	K66.2
FB51.Y	M72.8
FB51.Z	M72
FB52	M73
FB53	M75
FB53.0	M75.0
FB53.1	M75.1
FB53.2	M75.4
FB53.Y	M75.8
FB53.Z	M75
FB54	M76
FB54.0	M76.2
FB54.1	M76.3
FB54.2	M76.4
FB54.3	M77.3
FB54.4	M77.4
FB54.Y	M76.8
FB54.Z	M76
FB55	M77
FB55.0	M77.0
FB55.1	M77.1
FB55.2	M77.2
FB55.Z	M77
FB56	M79
FB56.0	M60.2
FB56.1	M79.5
FB56.2	M79.1
FB56.3	M79.4
FB56.4	M79.6
FB56.6	M79.8
FB80	M85
FB80.0	M85.1
FB80.1	M85.1
FB80.2	M85.3
FB80.3	M85.2
FB80.4	M85
FB80.5	M85.4
FB80.6	M85.5
FB80.7	M84.0
FB80.8	M84.1
FB80.9	M84.2
FB80.A	M84.3
FB80.B	M84.4
FB80.Y	M85.8
FB80.Z	M85
FB81.0	M87.0
FB81.2	M87.1
FB81.3	M87.2
FB81.4	M90.4
FB82.0	M94.2
FB82.00	M22.4
FB82.0Y	M94.2
FB82.0Z	M94.2
FB82.1	M93.9
FB82.2	M93.0
FB82.3	M94.1
FB83.0	M85.8
FB83.00	M85.8
FB83.01	M85.8
FB83.02	M85.8
FB83.03	M85.8
FB83.04	M85.8
FB83.0Y	M85.8
FB83.0Z	M85.8
FB83.10	M81.5
FB83.11	M81.0
FB83.12	M81.2
FB83.13	M81.4
FB83.14	M81
FB83.2	M83
FB83.20	M83.4
FB83.21	M83.3
FB83.22	M83.5
FB83.2Y	M83.8
FB83.2Z	M83
FB84	M86
FB84.0	M86.0
FB84.1	M86
FB84.2	M86.2
FB84.3	M86
FB84.4	M86
FB84.5	M86.5
FB84.Y	M86.8
FB84.Z	M86
FB85	M88
FB85.0	M88
FB85.1	M90.6
FB85.Y	M88.8
FB85.Z	M88
FB86	M89
FB86.0	M89.1
FB86.1	M89
FB86.10	M89
FB86.11	M89.3
FB86.1Y	M89
FB86.1Z	M89
FB86.2	M89.5
FB86.Y	M89.8
FB86.Z	M89
FC00	M95
FC00.0	M95.0
FC00.1	M95.3
FC00.2	M95.4
FC00.3	M95.5
FC00.4	M95
FC00.Y	M95.8
FC01	M96
FC01.0	M96.0
FC01.1	M96.1
FC01.2	M96.2
FC01.3	M96.3
FC01.4	M96.4
FC01.5	M96.5
FC01.6	M96.6
FC01.7	M96
FC01.70	M96
FC01.7Y	M96
FC01.8	M96
FC01.9	M96
FC01.A	M96
GA00	N76
GA00.0	N76.2
GA00.1	N76.3
GA00.2	N76.4
GA00.3	N76.6
GA00.4	N76
GA00.40	N76
GA00.41	N76
GA00.Z	N76
GA01	N71
GA01.0	N71.0
GA01.00	N71.0
GA01.01	N71.0
GA01.0Z	N71.0
GA01.1	N71.1
GA01.10	N71.1
GA01.11	N71.1
GA01.1Z	N71.1
GA01.Y	N71
GA01.Z	N71
GA02	N76
GA02.0	N76.0
GA02.1	N76.8
GA02.2	N76.1
GA02.3	N76.5
GA02.Z	N76
GA03	N75
GA03.0	N75.1
GA03.1	N75.0
GA03.Y	N75.8
GA03.Z	N75
GA04	N72
GA05	N73
GA05.0	N73.0
GA05.1	N73.1
GA05.2	N73.5
GA05.3	N73
GA05.Y	N73.8
GA05.Z	N73
GA06	N73.6
GA07	N70
GA07.0	N70.0
GA07.1	N70.1
GA07.Z	N70
GA10	N80
GA10.B	N80
GA10.B0	N80
GA10.B1	N80
GA10.B2	N80
GA10.B3	N80.2
GA10.B4	N80.1
GA10.B5	N80
GA10.BY	N80
GA10.BZ	N80
GA10.C	N80
GA10.C0	N80
GA10.C1	N80.5
GA10.C2	N80.3
GA10.C3	N80
GA10.CY	N80
GA10.CZ	N80
GA10.D	N80
GA10.D0	N80
GA10.DY	N80
GA10.DZ	N80
GA10.E	N80
GA10.F	N80
GA10.G	N80.8
GA10.H	N80.6
GA10.J	N80
GA10.Y	N80.8
GA10.Z	N80
GA11	N80.0
GA12	N94.1
GA13	N90.9
GA13.0	N84.3
GA13.1	N90.3
GA13.2	N90.6
GA13.3	N90.7
GA13.4	N90.9
GA13.5	N90.9
GA13.6	N90.9
GA13.7	N90.9
GA13.Y	N90.9
GA13.Z	N90.9
GA14	N89
GA14.0	N84.2
GA14.1	N89.7
GA14.2	N89
GA14.3	N89
GA14.5	N89.4
GA14.6	N89
GA14.Y	N89
GA14.Z	N89
GA15	N88
GA15.0	N84.1
GA15.1	N86
GA15.2	N88
GA15.3	N88.1
GA15.4	N88.2
GA15.5	N88.4
GA15.6	N88.3
GA15.7	N87
GA15.Y	N88
GA15.Z	N88
GA16	N85
GA16.0	N85.0
GA16.1	N85.4
GA16.2	N85.6
GA16.3	N85.7
GA16.Y	N85
GA16.Z	N85
GA17.0	N83.8
GA17.1	N83.8
GA17.3	N83.6
GA18.0	N83.0
GA18.1	N83.1
GA18.2	N83.1
GA18.4	N83.8
GA18.5	N83.5
GA18.6	N83.2
GA18.7	N83.3
GA19.0	N83.7
GA20	N93
GA20.0	N91
GA20.00	N91.0
GA20.01	N91.1
GA20.02	N91
GA20.0Y	N91
GA20.0Z	N91
GA20.1	N93
GA20.10	N93
GA20.11	N93
GA20.1Z	N93
GA20.2	N92.3
GA20.20	N92.3
GA20.2Y	N92.3
GA20.2Z	N92.3
GA20.3	N93
GA20.4	N93
GA20.5	N93
GA20.50	N93
GA20.51	N93
GA20.5Z	N93
GA20.Y	N93
GA20.Z	N93
GA21	N93
GA21.0	N93.0
GA21.Y	N93
GA21.Z	N93
GA22	N93
GA23	N93
GA2Y	N93.8
GA2Z	N93
GA30	N95
GA30.0	N95
GA30.00	N95.1
GA30.01	N95
GA30.02	N92.4
GA30.0Y	N95
GA30.0Z	N95
GA30.1	N95.0
GA30.2	N95.2
GA30.3	N95.3
GA30.4	N95
GA30.5	N95
GA30.6	E28.3
GA30.Y	N95.8
GA30.Z	N95
GA31	N97.9
GA31.0	N97.9
GA31.00	N97.2
GA31.01	N97.1
GA31.0Y	N97.9
GA31.0Z	N97.9
GA31.1	N97.9
GA31.10	N97.9
GA31.11	N97.9
GA31.1Y	N97.9
GA31.1Z	N97.9
GA31.Z	N97.9
GA32	N98
GA32.0	N98.1
GA32.1	N98
GA32.2	N98.0
GA32.3	N98.2
GA32.Y	N98.8
GA32.Z	N98
GA33	N96
GA34	N94
GA34.0	N94
GA34.00	N94
GA34.01	N94
GA34.02	N94
GA34.0Y	N94
GA34.0Z	N94
GA34.1	N94
GA34.2	N94
GA34.20	N94
GA34.21	N94
GA34.2Z	N94
GA34.3	N94
GA34.4	N94
GA34.40	N94.3
GA34.41	N94
GA34.4Y	N94
GA34.4Z	N94
GA34.5	N94
GA34.6	N94
GA34.Y	N94.8
GA34.Z	N94
GA40	L98.8
GA41	L98.9
GA41.0	L98.9
GA41.Y	L98.9
GA42	L98.9
GA42.0	L29.2
GA4Y	L98.9
GA80	N48.5
GA80.0	N48.5
GA80.1	N48.5
GA80.Y	N48.5
GA81	L98.9
GA81.0	L29.1
GA81.Y	L98.9
GA90	N40
GA91	N41
GA91.0	N41.1
GA91.1	N41.2
GA91.2	N41.3
GA91.3	N42.0
GA91.4	N42.1
GA91.5	N42.2
GA91.6	N42.3
GA91.Y	N41.8
GA91.Z	N41
GB00	N43
GB00.0	N43.0
GB00.1	N43.1
GB00.2	N43.4
GB00.Y	N43
GB00.Z	N43
GB01.0	N44
GB02	N45
GB02.0	N45.0
GB02.1	N45.9
GB02.Z	N45
GB03	N50.0
GB04	N46
GB04.0	N46
GB04.Y	N46
GB04.Z	N46
GB05	N47
GB05.0	N47
GB05.1	N47
GB05.2	N47
GB05.3	N47
GB05.4	N47
GB05.Z	N47
GB06	N48
GB06.0	N48.1
GB06.01	N48.1
GB06.02	N48.1
GB06.0Y	N48.1
GB06.0Z	N48.1
GB06.1	N48.3
GB06.2	N48.6
GB06.3	N48
GB06.4	N48
GB06.5	N48
GB06.Y	N48.8
GB06.Z	N48
GB07	N49
GB07.0	N49.0
GB07.1	N49.1
GB07.2	N49.2
GB07.Y	N49.8
GB08	N50.1
GB20	N64.9
GB20.0	N60.1
GB20.1	N60.2
GB20.Y	N64.9
GB20.Z	N64.9
GB21	N61
GB21.0	N61
GB21.Y	N61
GB21.Z	N61
GB22	N62
GB23	N64
GB23.0	N60.4
GB23.1	N64.0
GB23.2	N64.1
GB23.3	N64.2
GB23.4	N64.3
GB23.5	N64.4
GB2Y	N64.9
GB40	N05.9
GB41	N04
GB42	N06
GB42.0	N06
GB42.1	N06
GB42.Y	N06.8
GB42.Z	N06
GB50	N10
GB51	N10
GB54	N12
GB55	N11
GB55.0	N15.0
GB55.1	N14.3
GB55.2	N11
GB55.Y	N11.8
GB55.Z	N11
GB56	N13.9
GB56.0	N13.0
GB56.1	N13.1
GB56.2	N13.2
GB56.3	N13.9
GB56.4	N13.3
GB56.5	N13.7
GB56.Y	N13.9
GB56.Z	N13.9
GB58	N13.6
GB59	N15.1
GB60	N17.9
GB60.0	N17.9
GB60.1	N17.9
GB60.2	N17.9
GB60.Y	N17.9
GB60.Z	N17.9
GB61	N18
GB61.0	N18.1
GB61.1	N18.2
GB61.2	N18.3
GB61.3	N18.3
GB61.4	N18.4
GB61.5	N18.5
GB61.Z	N18
GB70	N20
GB70.0	N20.0
GB70.00	N20.0
GB70.0Y	N20.0
GB70.0Z	N20.0
GB70.1	N20.1
GB70.Z	N20
GB71	N21
GB71.0	N21.0
GB71.1	N21.1
GB71.2	N21
GB71.Z	N21
GB80	N28.1
GB80.0	N28.1
GB80.1	N28.1
GB80.2	N28.1
GB80.Y	N28.1
GB80.Z	N28.1
GB81	Q61.2
GB82	Q61
GB83	Q61.8
GB90.0	N28
GB90.1	N13.4
GB90.2	N13.5
GB90.3	N28.0
GB90.4	N25
GB90.40	N25
GB90.41	N25
GB90.42	N25
GB90.43	N25
GB90.44	N25.8
GB90.45	E74.8
GB90.46	N25.8
GB90.47	E72.9
GB90.48	N25
GB90.49	N25.8
GB90.4A	N25.1
GB90.4Y	N25.8
GB90.4Z	N25
GC00	N30
GC00.0	N30.3
GC00.1	N30
GC00.2	N30
GC00.3	N30.1
GC00.Y	N30.8
GC00.Z	N30
GC01	N32
GC01.0	N32.0
GC01.1	N32.2
GC01.2	N32.3
GC01.3	N32.4
GC01.4	N31
GC01.Y	N32.8
GC01.Z	N32
GC02	N34
GC02.0	N34.0
GC02.1	N34.1
GC02.Y	N34
GC02.Z	N34
GC03	N35
GC04.0	N36.0
GC04.1	N82
GC04.10	N82.0
GC04.11	N82.2
GC04.12	N82.3
GC04.13	N82.5
GC04.14	N82
GC04.15	N82
GC04.16	N82
GC04.17	N82
GC04.18	N82
GC04.19	N82
GC04.1A	N82
GC04.1Y	N82.8
GC04.1Z	N82
GC04.2	N28.8
GC05	N36.3
GC06	N36.1
GC07	N36.2
GC40	N81
GC40.0	N81
GC40.00	N81
GC40.01	N81
GC40.0Z	N81
GC40.1	N81
GC40.10	N81
GC40.11	N81
GC40.1Z	N81
GC40.2	N81
GC40.20	N81
GC40.21	N81
GC40.2Z	N81
GC40.3	N81.4
GC40.30	N81.2
GC40.31	N81.4
GC40.32	N81.4
GC40.33	N81.4
GC40.34	N81.3
GC40.35	N81.4
GC40.36	N81.4
GC40.37	N81.4
GC40.3Z	N81.4
GC40.4	N81
GC40.40	N81
GC40.4Y	N81
GC40.4Z	N81
GC40.5	N81
GC40.50	N81
GC40.51	N39.4
GC40.52	N39.4
GC40.53	N39.4
GC40.54	N81
GC40.6	N81
GC40.60	N81
GC40.6Y	N81
GC40.6Z	N81
GC40.Z	N81
GC42	N81.8
GC42.0	N81.8
GC50.0	N32.8
GC50.1	N32.8
GC50.10	N32.8
GC50.1Y	N32.8
GC50.1Z	N32.8
GC51	Z91.7
GC51.0	Z91.7
GC51.00	Z91.7
GC51.01	Z91.7
GC51.0Z	Z91.7
GC51.1	Z91.7
GC51.10	Z91.7
GC51.11	Z91.7
GC51.12	Z91.7
GC51.1Z	Z91.7
GC51.2	Z91.7
GC51.20	Z91.7
GC51.21	Z91.7
GC51.2Z	Z91.7
GC51.3	Z91.7
GC51.Z	Z91.7
GC70	N99.2
GC71	N99.3
GC72	N99.1
GC73	N99.4
GC74	N99.5
GC75	N99
GC76	N99
GC77	N99
GC78	N99
GC79	N99
GC7A	N99
GC7B	N99
GC7C	N99
HA00	F52.0
HA00.0	F52.0
HA00.1	F52.0
HA00.2	F52.0
HA00.3	F52.0
HA00.Z	F52.0
HA01	F52.2
HA01.0	F52.2
HA01.00	F52.2
HA01.01	F52.2
HA01.02	F52.2
HA01.03	F52.2
HA01.0Z	F52.2
HA01.1	N48.4
HA01.10	F52.2
HA01.11	F52.2
HA01.12	F52.2
HA01.13	F52.2
HA01.1Z	N48.4
HA01.Y	F52.2
HA01.Z	F52.2
HA02	F52.3
HA02.0	F52.3
HA02.00	F52.3
HA02.01	F52.3
HA02.02	F52.3
HA02.03	F52.3
HA02.0Z	F52.3
HA02.Y	F52.3
HA02.Z	F52.3
HA03	F52.8
HA03.0	F52.4
HA03.00	F52.4
HA03.01	F52.4
HA03.02	F52.4
HA03.03	F52.4
HA03.0Z	F52.4
HA03.1	F52.8
HA03.10	F52.8
HA03.11	F52.8
HA03.12	F52.8
HA03.13	F52.8
HA03.1Z	F52.8
HA03.Y	F52.8
HA03.Z	F52.8
HA0Y	F52.9
HA0Z	F52.9
HA20	F52.5
HA20.0	F52.6
HA20.1	F52.6
HA20.2	F52.6
HA20.3	F52.6
HA20.Z	F52.5
HA60	F64.9
HA61	F64.2
HA6Z	F64
JA00.0	O03
JA00.00	O03.0
JA00.01	O03.1
JA00.02	O03.2
JA00.03	O03.3
JA00.04	O03.4
JA00.05	O03.5
JA00.06	O03.6
JA00.07	O03.7
JA00.08	O03.8
JA00.09	O03.9
JA00.18	O04.8
JA00.19	O04.9
JA00.2	O06
JA00.20	O06.0
JA00.21	O06.1
JA00.22	O06.2
JA00.23	O06.3
JA00.24	O06.4
JA00.25	O06.5
JA00.26	O06.6
JA00.27	O06.7
JA00.28	O06.8
JA00.29	O06.9
JA00.3	O07
JA00.30	O07.0
JA00.31	O07.1
JA00.32	O07.2
JA00.33	O07.3
JA00.34	O07.4
JA00.35	O07.5
JA00.36	O07.6
JA00.37	O07.7
JA00.38	O07
JA00.39	O07
JA01	O00.9
JA01.0	O00.0
JA01.1	O00.1
JA01.2	O00.2
JA01.Y	O00.9
JA01.Z	O00.9
JA02	O01
JA02.0	O01.0
JA02.1	O01.1
JA02.Y	O01
JA02.Z	O01
JA03	O02.1
JA04	O02.0
JA05	O08
JA05.0	O08.0
JA05.1	O08.1
JA05.2	O08.2
JA05.3	O08.3
JA05.4	O08.4
JA05.5	O08.5
JA05.6	O08.6
JA05.7	O08.7
JA05.Y	O08.8
JA05.Z	O08
JA20	O10
JA20.0	O10.0
JA20.1	O10.1
JA20.2	O10.2
JA20.3	O10.3
JA20.4	O10.4
JA20.Y	O10
JA20.Z	O10
JA21	O11
JA22	O12
JA22.0	O12.1
JA22.1	O12.0
JA22.2	O12.2
JA23	O13
JA24	O14
JA24.0	O14.0
JA24.1	O14.1
JA24.2	O14.2
JA24.Z	O14
JA25	O15
JA25.0	O15.0
JA25.1	O15.1
JA25.2	O15.2
JA25.3	O15.9
JA40	O20
JA40.0	O20.0
JA40.Y	O20.8
JA40.Z	O20
JA41	O46.9
JA41.0	O46.0
JA41.Y	O46.9
JA41.Z	O46.9
JA42	O67.9
JA42.0	O67.0
JA42.1	O67.8
JA42.2	O67.8
JA42.Y	O67.9
JA42.Z	O67.9
JA43	O72
JA43.0	O72.0
JA43.1	O72.1
JA43.2	O72.2
JA43.3	O72.3
JA43.4	O72
JA43.5	O72
JA43.Y	O72
JA43.Z	O72
JA60	O21
JA60.0	O21.0
JA60.1	O21.1
JA60.2	O21.2
JA60.Y	O21.8
JA60.Z	O21
JA61	O22
JA61.0	O22.0
JA61.1	O22.1
JA61.2	O22.2
JA61.3	O22.3
JA61.4	O22.4
JA61.5	O22.5
JA61.Y	O22.8
JA61.Z	O22
JA62	O23
JA62.0	O23.0
JA62.1	O23.1
JA62.2	O23.2
JA62.3	O23.3
JA62.4	O23.5
JA62.Y	O23
JA62.Z	O23
JA63	O24
JA63.0	O24.0
JA63.1	O24.1
JA63.2	O24.4
JA63.Y	O24
JA63.Z	O24
JA64	O25
JA65	O26
JA65.0	O26.6
JA65.1	O26.8
JA65.10	O26.4
JA65.11	O26.8
JA65.12	O26.8
JA65.1Y	O26.8
JA65.1Z	O26.8
JA65.2	O26.0
JA65.3	O26.1
JA65.4	O26.2
JA65.5	O26.3
JA65.6	O26.5
JA65.7	O26.7
JA65.Y	O26.8
JA65.Z	O26
JA66	O28
JA66.0	O28.0
JA66.1	O28.1
JA66.2	O28.2
JA66.3	O28.3
JA66.4	O28.4
JA66.5	O28.5
JA66.Y	O28.8
JA66.Z	O28
JA67	O29
JA67.0	O29.0
JA67.1	O29.1
JA67.2	O29.2
JA67.3	O29.3
JA67.4	O29.4
JA67.5	O29.6
JA67.50	O29.6
JA67.51	O29.6
JA67.5Y	O29.6
JA67.5Z	O29.6
JA67.6	O29
JA67.Y	O29.8
JA67.Z	O29
JA80	O30
JA80.0	O30.0
JA80.1	O30.1
JA80.2	O30.2
JA80.Y	O30.8
JA80.Z	O30
JA81	O31
JA81.0	O31.0
JA81.1	O31.1
JA81.2	O31.2
JA81.3	O31
JA81.Y	O31.8
JA81.Z	O31
JA82	O32
JA82.0	O32.0
JA82.1	O32.1
JA82.2	O32.2
JA82.3	O32.3
JA82.4	O32.4
JA82.5	O32.5
JA82.6	O32.6
JA82.Y	O32.8
JA82.Z	O32
JA83	O33
JA83.0	O33.0
JA83.1	O33.1
JA83.2	O33.2
JA83.3	O33.3
JA83.4	O33.4
JA83.5	O33.5
JA83.6	O33.6
JA83.Y	O33.8
JA83.Z	O33
JA84	O34
JA84.0	O34.0
JA84.1	O34.1
JA84.2	O34.2
JA84.3	O34.3
JA84.4	O34.6
JA84.5	O34.7
JA84.Y	O34.8
JA84.Z	O34
JA85	O35
JA85.0	O35.0
JA85.1	O35.1
JA85.2	O35.2
JA85.3	O35.3
JA85.Y	O35.8
JA85.Z	O35
JA86	O36
JA86.0	O36.0
JA86.1	O36.2
JA86.2	O36.3
JA86.3	O36.4
JA86.4	O36.5
JA86.5	O36.6
JA86.6	O36.7
JA86.Y	O36.8
JA86.Z	O36
JA87	O40
JA88	O41
JA88.0	O41.0
JA88.1	O41.1
JA88.Y	O41.8
JA88.Z	O41
JA89	O42
JA89.0	O42.0
JA89.1	O42.1
JA89.2	O42.2
JA89.3	O42
JA89.Y	O42
JA89.Z	O42
JA8A	O43
JA8A.0	O43.0
JA8A.1	O43.1
JA8A.2	O43.2
JA8A.Y	O43.8
JA8A.Z	O43
JA8B	O44
JA8B.0	O44.0
JA8B.1	O44.1
JA8B.Z	O44
JA8C	O45
JA8C.0	O45.0
JA8C.Y	O45.8
JA8C.Z	O45
JA8D	O47
JA8D.0	O47.0
JA8D.1	O47.1
JA8D.Z	O47
JA8E	O48
JB00	O60
JB00.0	O60.0
JB00.1	O60.1
JB00.2	O60.2
JB00.3	O60.3
JB00.Y	O60
JB00.Z	O60
JB01	O61
JB01.0	O61.0
JB01.1	O61.1
JB01.Z	O61
JB02	O62
JB02.0	O62.0
JB02.1	O62.1
JB02.2	O62.2
JB02.3	O62.3
JB02.4	O62.4
JB02.Y	O62.8
JB02.Z	O62
JB03	O63
JB03.0	O63.0
JB03.1	O63.1
JB03.2	O63.2
JB03.Z	O63
JB04	O64
JB04.0	O64.0
JB04.1	O64.1
JB04.2	O64.2
JB04.3	O64.3
JB04.4	O64.4
JB04.5	O64.5
JB04.Y	O64.8
JB04.Z	O64
JB05	O65
JB05.0	O65
JB05.1	O65
JB05.2	O65
JB05.3	O65
JB05.4	O65
JB05.5	O65
JB05.Y	O65.8
JB05.Z	O65
JB06	O66
JB06.0	O66.0
JB06.1	O66.1
JB06.2	O66.2
JB06.3	O66.3
JB06.Y	O66.8
JB06.Z	O66
JB07	O68
JB07.0	O68.0
JB07.1	O68.1
JB07.2	O68.3
JB07.Y	O68.8
JB07.Z	O68
JB08	O69
JB08.0	O69.0
JB08.1	O69.1
JB08.2	O69.3
JB08.3	O69.4
JB08.4	O69.5
JB08.5	O69.2
JB08.Y	O69.8
JB08.Z	O69
JB09	O70
JB09.0	O70.0
JB09.1	O70.1
JB09.2	O70.2
JB09.3	O70.3
JB09.Z	O70
JB0A	O71
JB0A.0	O71.0
JB0A.1	O71.1
JB0A.2	N85.5
JB0A.3	O71.3
JB0A.4	O71.4
JB0A.5	O71
JB0A.6	O71.5
JB0A.7	O71.6
JB0A.8	O71.7
JB0A.Y	O71.8
JB0A.Z	O71
JB0B	O73
JB0B.0	O73.0
JB0B.1	O73.1
JB0C	O74
JB0C.0	O74.0
JB0C.1	O74.1
JB0C.2	O74.2
JB0C.3	O74.3
JB0C.4	O74.4
JB0C.5	O74.5
JB0C.6	O74.6
JB0C.7	O74.7
JB0C.70	O74.7
JB0C.71	O74.7
JB0C.7Y	O74.7
JB0C.7Z	O74.7
JB0C.8	O74
JB0C.Y	O74.8
JB0C.Z	O74
JB0D	O75
JB0D.0	O75.0
JB0D.1	O75.1
JB0D.2	O75.2
JB0D.3	O75.4
JB0D.4	O75.5
JB0D.5	O75.6
JB0D.6	O75.7
JB0D.7	O66.5
JB0D.8	O66.4
JB0D.Y	O75.8
JB20	O80
JB20.0	O80.0
JB20.1	O80.1
JB20.Y	O80.8
JB20.Z	O80
JB21	O81
JB22	O82
JB22.0	O82.0
JB22.1	O82.1
JB22.2	O82.2
JB22.Z	O82
JB23	O83
JB23.0	O83.0
JB23.1	O83.1
JB23.2	O83.2
JB23.3	O83.3
JB23.4	O83.4
JB23.Z	O83
JB24	O84
JB24.0	O84.0
JB24.1	O84.1
JB24.2	O84.2
JB24.3	O84
JB24.Y	O84.8
JB24.Z	O84
JB40	O86
JB40.0	O85
JB40.1	O86.0
JB40.2	O86.1
JB40.3	O86.2
JB40.4	O86.4
JB40.Y	O86.8
JB40.Z	O86
JB41	O87
JB41.0	O87.0
JB41.1	O87.1
JB41.2	O87.2
JB41.3	O87.3
JB41.Y	O87.8
JB41.Z	O87
JB42	O88
JB42.0	O88.0
JB42.1	O88.1
JB42.2	O88.2
JB42.3	O88.3
JB42.Y	O88.8
JB42.Z	O88
JB43	O89
JB43.0	O89.0
JB43.1	O89.1
JB43.2	O89.2
JB43.3	O89.4
JB43.4	O89.5
JB43.5	O89.6
JB43.50	O89.6
JB43.51	O89.6
JB43.5Y	O89.6
JB43.5Z	O89.6
JB43.6	O89
JB43.Y	O89.8
JB43.Z	O89
JB44	O90
JB44.0	O90.0
JB44.1	O90.1
JB44.2	O90.2
JB44.3	O90.3
JB44.4	O90.4
JB44.5	O90.5
JB44.6	M83.0
JB44.Y	O90.8
JB44.Z	O90
JB45	O91
JB45.0	O91.1
JB45.1	O91.2
JB45.Y	O91
JB45.Z	O91
JB46	O92
JB46.0	O92.0
JB46.1	O92.1
JB46.2	O92.2
JB46.3	O92.3
JB46.4	O92.4
JB46.5	O92.5
JB46.6	O92.6
JB46.7	O92.7
JB60	O95
JB61	O96
JB61.0	O96.0
JB61.1	O96.1
JB61.Z	O96
JB62	O97
JB62.0	O97.0
JB62.1	O97.1
JB62.Z	O97
JB63	O98
JB63.0	O98.0
JB63.00	O98.0
JB63.0Y	O98.0
JB63.0Z	O98.0
JB63.1	O98.1
JB63.2	O98.2
JB63.3	O98.3
JB63.4	O98.4
JB63.5	O98.5
JB63.6	O98.6
JB63.60	O98.6
JB63.6Y	O98.6
JB63.6Z	O98.6
JB63.7	O98.7
JB63.Y	O98.8
JB63.Z	O98
JB64	O99
JB64.0	O99.0
JB64.1	O99.1
JB64.2	O99.2
JB64.3	O99.3
JB64.4	O99.4
JB64.5	O99.5
JB64.6	O99.6
JB64.7	O99.7
JB64.8	O99
JB64.Y	O99.8
KA00	P00
KA00.0	P00.0
KA00.1	P00
KA00.2	P00.1
KA00.3	P00.2
KA00.4	P00
KA00.5	P00
KA00.6	P00.4
KA00.60	P00.4
KA00.61	P00.4
KA00.6Y	P00.4
KA00.6Z	P00.4
KA00.7	P00
KA00.8	P00.5
KA00.9	P00
KA00.A	P00.6
KA00.B	P00
KA00.Y	P00.8
KA00.Z	P00
KA01	P01
KA01.0	P01.0
KA01.1	P01.1
KA01.2	P01.2
KA01.3	P01.3
KA01.4	P01.4
KA01.5	P01.5
KA01.6	P01.6
KA01.7	P01.7
KA01.8	P01
KA01.Y	P01.8
KA01.Z	P01
KA02	P02
KA02.0	P02.0
KA02.1	P02
KA02.2	P02
KA02.3	P02
KA02.4	P02.3
KA02.Y	P02.8
KA02.Z	P02
KA03	P02
KA03.0	P02.4
KA03.1	P02.5
KA03.2	P02
KA03.20	P02.6
KA03.21	P02.6
KA03.2Y	P02
KA03.2Z	P02
KA03.3	P02
KA03.4	P02
KA03.Y	P02.8
KA03.Z	P02
KA04	P02
KA04.0	P02.7
KA04.1	P02
KA04.Y	P02.8
KA04.Z	P02
KA05	P03
KA05.0	P03.0
KA05.1	P03.1
KA05.2	P03.2
KA05.3	P03.3
KA05.4	P03.4
KA05.5	P03.5
KA05.6	P03.6
KA05.7	P03
KA05.70	P03
KA05.71	P03
KA05.7Z	P03
KA05.8	P03
KA05.Y	P03.8
KA05.Z	P03
KA06	P04
KA06.0	P04.0
KA06.1	P04.2
KA06.2	P04.3
KA06.3	P04.4
KA06.4	P04.5
KA06.5	P04.6
KA06.Y	P04.8
KA06.Z	P04
KA20	P05
KA20.0	P05.1
KA20.00	P05.1
KA20.01	P05.1
KA20.0Z	P05.1
KA20.1	P05
KA20.10	P05
KA20.11	P05
KA20.12	P05
KA20.1Y	P05
KA20.1Z	P05
KA20.2	P05.2
KA20.Y	P05
KA20.Z	P05
KA21	P07
KA21.0	P07.0
KA21.00	P07.0
KA21.01	P07.0
KA21.02	P07.0
KA21.0Z	P07.0
KA21.1	P07.1
KA21.10	P07.1
KA21.11	P07.1
KA21.1Z	P07.1
KA21.2	P07.1
KA21.20	P07.1
KA21.21	P07.1
KA21.2Z	P07.1
KA21.3	P07.2
KA21.30	P07.2
KA21.31	P07.2
KA21.32	P07.2
KA21.33	P07.2
KA21.34	P07.2
KA21.35	P07.2
KA21.36	P07.2
KA21.3Z	P07.2
KA21.4	P07.3
KA21.40	P07.3
KA21.41	P07.3
KA21.42	P07.3
KA21.43	P07.3
KA21.44	P07.3
KA21.45	P07.3
KA21.46	P07.3
KA21.47	P07.3
KA21.48	P07.3
KA21.4Z	P07.3
KA22	P08
KA22.0	P08.0
KA22.1	P08.1
KA22.2	P08.2
KA22.3	P08
KA40	P15.9
KA40.0	P10
KA40.00	P10.0
KA40.01	P10.1
KA40.02	P10.8
KA40.03	P10.2
KA40.04	P10.3
KA40.05	P10.4
KA40.06	P10
KA40.07	P10
KA40.08	P10
KA40.0Y	P10.8
KA40.0Z	P10
KA40.1	P11.0
KA40.2	P11.5
KA40.3	P15.9
KA40.Y	P15.9
KA40.Z	P15.9
KA41	P15.3
KA42	P12
KA42.0	P12.3
KA42.1	P12.0
KA42.2	P12.1
KA42.3	P12.4
KA42.4	P12.2
KA42.Y	P12.8
KA42.Z	P12
KA43	P15.9
KA43.0	P15.2
KA43.1	P15.5
KA43.2	P15.6
KA43.3	P15.4
KA43.Y	P15.9
KA43.Z	P15.9
KA44	P14.9
KA44.0	P14.9
KA44.00	P11.3
KA44.0Y	P14.9
KA44.0Z	P14.9
KA44.1	P14.9
KA44.10	P14.0
KA44.11	P14.1
KA44.1Z	P14.9
KA44.2	P14.2
KA44.Y	P14.9
KA44.Z	P14.9
KA45	P13
KA45.0	P13.0
KA45.00	P13.0
KA45.01	P13.0
KA45.0Y	P13.0
KA45.0Z	P13.0
KA45.1	P13
KA45.2	P13
KA45.20	P13
KA45.21	P13
KA45.2Y	P13
KA45.2Z	P13
KA45.3	P13
KA45.4	P13
KA45.5	P13.4
KA45.6	P13
KA45.Y	P13.8
KA45.Z	P13
KA46	P15.9
KA46.0	P15.0
KA46.1	P15.1
KA46.2	P15.9
KA46.Y	P15.9
KA4Z	P15.9
KA60	P36
KA61.0	P37.0
KA61.1	P37.2
KA62	P35
KA62.0	P35.4
KA62.1	P35
KA62.2	P35
KA62.3	P35.1
KA62.4	P35
KA62.5	P35
KA62.6	P35
KA62.7	P35
KA62.8	P35.0
KA62.9	P35.3
KA62.A	P35.2
KA62.Y	P35.8
KA62.Z	P35
KA63.2	P37.5
KA64.0	P37.1
KA64.1	P37.3
KA65.0	P39.1
KA65.1	P38
KA65.2	P39.3
KA65.3	P39.0
KA80	P50
KA80.0	P50.0
KA80.1	P50.1
KA80.2	P50.2
KA80.3	P50.3
KA80.4	P50.4
KA80.5	P50.5
KA80.Y	P50.8
KA80.Z	P50
KA81	P51
KA82	P54.9
KA82.0	P52.0
KA82.1	P52.1
KA82.2	P52.2
KA82.3	P54.9
KA82.4	P52.4
KA82.5	P52.5
KA82.6	P52.6
KA82.7	P54.9
KA82.Z	P54.9
KA83	P54
KA83.0	P54.0
KA83.00	P54.0
KA83.0Y	P54.0
KA83.0Z	P54.0
KA83.1	P54.3
KA83.2	P54.2
KA83.3	P54
KA83.4	P54.4
KA83.5	P54
KA83.6	P54
KA83.7	P54
KA83.8	P54.5
KA83.9	P54.6
KA84	P55
KA84.0	P55.0
KA84.1	P55
KA84.2	P55.1
KA84.3	P55.8
KA84.4	P55
KA84.5	P55
KA84.Z	P55
KA85	P56
KA85.0	P56.0
KA85.Y	P56
KA85.Z	P56
KA86	P57
KA87	P54.9
KA87.0	P58.5
KA87.1	P54.9
KA87.2	P59.3
KA87.3	P54.9
KA87.4	P58.4
KA87.5	P58.4
KA87.6	P54.9
KA87.Y	P54.9
KA87.Z	P54.9
KA88	P60
KA89	P61.0
KA89.0	P61.0
KA89.Y	P61.0
KA89.Z	P61.0
KA8A	P61.1
KA8A.0	P61.1
KA8A.1	P61.1
KA8A.2	P61.1
KA8A.3	P61.1
KA8A.4	P61.1
KA8A.Y	P61.1
KA8A.Z	P61.1
KA8B	P61.2
KA8C	P61.3
KA8D	P61.5
KA8E	P54.9
KA8F	P54.9
KA8F.0	P53
KA8F.Y	P54.9
KA8F.Z	P54.9
KA8Y	P54.9
KA8Z	P54.9
KB00	P91.0
KB00.0	P91.0
KB00.1	P91.0
KB00.Y	P91.0
KB00.Z	P91.0
KB01	P91.1
KB02	P91.2
KB03	P91
KB04	P91.6
KB05	P91
KB05.0	P91
KB05.Y	P91
KB05.Z	P91
KB06	P90
KB07	G93.5
KB08	P94
KB08.0	P94.0
KB08.1	P94.1
KB08.2	P94.2
KB08.Y	P94.8
KB08.Z	P94
KB0Y	P91.8
KB0Z	P91
KB21	P21
KB21.0	P21
KB21.1	P21
KB21.Z	P21
KB23	P22
KB23.0	P22.0
KB23.00	P22.0
KB23.01	P22.0
KB23.02	P22.0
KB23.0Y	P22.0
KB23.0Z	P22.0
KB23.1	P22.1
KB23.2	P22
KB23.Y	P22.8
KB23.Z	P22
KB24	P23
KB26	P24
KB26.0	P24.0
KB26.1	P24.1
KB26.2	P24.2
KB26.3	P24.3
KB26.Y	P24.8
KB26.Z	P24
KB27	P25
KB27.0	P25.0
KB27.1	P25.1
KB27.2	P25.2
KB27.3	P25.3
KB27.4	P25
KB27.Y	P25.8
KB27.Z	P25
KB28	P26
KB28.0	P26.0
KB28.1	P26
KB28.Y	P26.8
KB28.Z	P26
KB29	P27
KB29.0	P27.1
KB29.Y	P27.8
KB29.Z	P27
KB2B	P28.0
KB2C	P28.2
KB2D	P28.5
KB40	P29.0
KB40.0	P29.0
KB40.1	P29.0
KB40.Y	P29.0
KB40.Z	P29.0
KB41	P29.1
KB42	P29.3
KB44	P29.4
KB45	P29.2
KB46	P29.8
KB47	P29.8
KB48	P29
KB4Y	P29.8
KB4Z	P29
KB60	P70
KB60.0	P70.0
KB60.1	P70.1
KB60.2	P70.2
KB60.20	P70.2
KB60.2Y	P70.2
KB60.2Z	P70.2
KB60.3	P70
KB60.30	P70
KB60.31	P70
KB60.3Y	P70
KB60.3Z	P70
KB60.4	P70
KB60.40	P70
KB60.41	P70.3
KB60.42	P70
KB60.4Y	P70
KB60.4Z	P70
KB60.Y	P70.8
KB60.Z	P70
KB61	P71
KB61.0	P71.2
KB61.1	P71.3
KB61.2	P71.1
KB61.3	P71
KB61.Y	P71.8
KB61.Z	P71
KB62	P72
KB62.0	P72.1
KB62.1	P72.2
KB62.2	P72
KB62.3	P72
KB62.Y	P72.8
KB62.Z	P72
KB63.0	P74.0
KB63.1	P74.1
KB63.2	P74.2
KB63.20	P74.2
KB63.21	P74.2
KB63.2Y	P74.2
KB63.2Z	P74.2
KB63.3	P74.3
KB63.30	P74.3
KB63.31	P74.3
KB63.3Y	P74.3
KB63.3Z	P74.3
KB63.4	P74.5
KB64	P71.4
KB80	P78
KB81.0	P78
KB86	P78.0
KB86.0	P78.0
KB86.1	P78.0
KB86.2	P78.0
KB86.3	P78.0
KB86.Y	P78.0
KB86.Z	P78.0
KB87	P76
KB87.0	P76.2
KB87.1	P76.0
KB87.2	P76
KB87.3	P76.1
KB87.4	P76
KB87.Y	P76.8
KB87.Z	P76
KB88	P77
KB88.0	P77
KB88.1	P77
KB88.2	P77
KB88.3	P77
KB88.Y	P77
KB88.Z	P77
KB8A	P78.2
KB8B	P78.1
KB8C	P78.3
KC00	P83.5
KC01	P96.0
KC20.1	P83.6
KC21.1	P83.1
KC22.0	P83.8
KC22.1	M79.3
KC22.2	P83.0
KC23	K13.7
KC24	L99.8
KC30	R23.4
KC31	L98.8
KC41.0	P83.4
KC41.1	P83.2
KC50	T30.0
KD10	P81.0
KD12	P80
KD12.0	P80.0
KD12.Y	P80.8
KD12.Z	P80
KD30.0	P21.0
KD30.1	P21.1
KD31	P96.3
KD32	P92
KD32.0	P92.2
KD32.1	P92.3
KD32.2	P92.4
KD32.3	P92.5
KD32.4	P92
KD32.Y	P92.8
KD32.Z	P92
KD34	P93
KD35	P96.1
KD36	P96.2
KD39	P96.5
KD39.0	P96.5
KD39.1	P96.5
KD39.2	P96.5
KD39.3	P96.5
KD39.4	P96.5
KD39.Y	P96.5
KD39.Z	P96.5
KD3A	P96.4
KD3B	P95
KD3B.0	P95
KD3B.1	P95
KD3B.Z	P95
KD3C	P92.0
KD3C.0	P92.0
KD3C.Y	P92.0
KD3C.Z	P92.0
LA00	Q00
LA00.0	Q00.0
LA00.00	Q00.1
LA00.0Y	Q00.0
LA00.0Z	Q00.0
LA00.1	Q00.2
LA00.2	Q00
LA00.3	Q00
LA00.Y	Q00
LA00.Z	Q00
LA01	Q07.9
LA02	Q05
LA02.0	Q05.4
LA02.00	Q05.4
LA02.01	Q05.4
LA02.02	Q05.4
LA02.0Y	Q05.4
LA02.0Z	Q05.4
LA02.1	Q05.9
LA02.Y	Q05.8
LA02.Z	Q05
LA03	Q07.0
LA04	Q03
LA04.0	Q03.0
LA04.Y	Q03.8
LA04.Z	Q03
LA05	Q07.9
LA05.0	Q02
LA05.1	Q04.5
LA05.2	Q04.2
LA05.3	Q04.0
LA05.4	Q04.1
LA05.5	Q07.9
LA05.50	Q07.9
LA05.51	Q07.9
LA05.5Y	Q07.9
LA05.5Z	Q07.9
LA05.6	Q07.9
LA05.60	Q07.9
LA05.61	Q07.9
LA05.62	Q07.9
LA05.6Y	Q07.9
LA05.6Z	Q07.9
LA05.7	Q04.6
LA05.8	Q07.9
LA05.Y	Q07.9
LA05.Z	Q07.9
LA06	Q07.9
LA06.0	Q07.9
LA06.1	Q07.9
LA06.2	Q07.9
LA06.Y	Q07.9
LA06.Z	Q07.9
LA07	Q07.9
LA07.0	Q07.9
LA07.1	Q06.2
LA07.2	Q06.0
LA07.3	Q07.9
LA07.4	Q07.9
LA07.Y	Q07.9
LA07.Z	Q07.9
LA0Y	Q07.9
LA0Z	Q07.9
LA10	Q11
LA10.0	Q11.2
LA10.1	Q11.1
LA10.2	Q11.0
LA10.3	Q11.3
LA10.Y	Q11
LA10.Z	Q11
LA11	Q13
LA11.0	Q13.5
LA11.1	Q13
LA11.2	Q13
LA11.3	Q13.1
LA11.4	Q13.0
LA11.5	Q13.3
LA11.6	Q13
LA11.60	Q13
LA11.61	Q13
LA11.62	H57.0
LA11.6Y	Q13
LA11.6Z	Q13
LA11.Y	Q13.8
LA11.Z	Q13
LA12	Q12
LA12.0	Q12.2
LA12.1	Q12.0
LA12.2	Q12.3
LA12.3	Q12.4
LA12.Y	Q12.8
LA12.Z	Q12
LA13	Q14
LA13.0	Q14
LA13.1	Q14
LA13.2	Q14
LA13.3	Q14.1
LA13.5	Q14
LA13.6	Q14.3
LA13.7	Q14.2
LA13.70	Q14.2
LA13.71	Q14.2
LA13.72	Q14.2
LA13.73	Q14.2
LA13.74	Q14.2
LA13.76	Q14.2
LA13.7Y	Q14.2
LA13.7Z	Q14.2
LA13.8	Q14
LA13.80	Q14
LA13.Y	Q14.8
LA13.Z	Q14
LA14	Q10
LA14.0	Q10
LA14.00	Q10
LA14.01	Q10
LA14.02	Q10.2
LA14.03	Q10.1
LA14.04	Q10.0
LA14.05	Q10
LA14.06	Q10
LA14.07	Q10
LA14.0Y	Q10
LA14.0Z	Q10
LA14.1	Q10
LA14.10	Q10
LA14.11	Q10.4
LA14.12	Q10
LA14.13	Q10
LA14.14	Q10.5
LA14.1Y	Q10
LA14.1Z	Q10
LA14.2	Q10.7
LA14.Y	Q10
LA14.Z	Q10
LA1Y	Q15.9
LA1Z	Q15.9
LA20	Q17.9
LA21	Q17.9
LA21.0	Q17.1
LA21.1	Q17.5
LA21.2	Q17.9
LA21.3	Q17.3
LA21.Y	Q17.9
LA21.Z	Q17.9
LA22	Q16
LA22.0	Q17.2
LA22.1	Q16.0
LA22.2	Q16.1
LA22.3	Q16.3
LA22.4	Q16.5
LA22.Y	Q16
LA22.Z	Q16
LA23	Q17.9
LA24	Q17.0
LA2Y	Q17.9
LA2Z	Q17.9
LA30.0	K00.0
LA30.1	K00.0
LA30.2	K00.0
LA30.3	K00.1
LA30.4	K00.2
LA30.5	K08.8
LA30.50	K08.8
LA30.51	K08.8
LA30.5Y	K08.8
LA30.5Z	K08.8
LA30.6	K00.5
LA30.7	K00.5
LA30.8	K00.5
LA30.9	K00.5
LA31	Q38
LA31.0	Q38.2
LA31.1	Q38
LA31.2	Q38.1
LA31.3	Q18.4
LA31.4	Q18.5
LA31.Y	Q38.8
LA31.Z	Q38
LA40	Q36
LA40.0	Q36.9
LA40.1	Q36.0
LA40.2	Q36
LA40.Z	Q36
LA42	Q35
LA42.0	Q35.1
LA42.1	Q35.3
LA42.2	Q35.7
LA42.Z	Q35
LA50	Q38.8
LA52	Q67.0
LA53	Q18.6
LA54	Q18.7
LA55	Q67.1
LA56	Q87.0
LA60	Q18.3
LA61	Q68.0
LA62	Q68.0
LA70	Q30
LA70.0	Q30.1
LA70.1	Q30.2
LA70.2	Q30.0
LA70.3	Q30.3
LA70.Y	Q30.8
LA70.Z	Q30
LA71	Q31
LA71.0	Q31.5
LA71.1	Q31.3
LA71.2	Q31.2
LA71.3	Q31.1
LA71.Y	Q31.8
LA71.Z	Q31
LA72	Q31.8
LA73	Q32
LA73.0	Q32
LA73.1	Q32.0
LA73.Y	Q32
LA73.Z	Q32
LA74	Q32
LA74.0	Q32.3
LA74.1	Q32.2
LA74.Y	Q32
LA74.Z	Q32
LA75	Q33
LA75.0	Q33.1
LA75.1	Q33.3
LA75.2	Q33.6
LA75.3	Q33
LA75.4	Q33.0
LA75.5	Q33
LA75.6	Q33.2
LA75.Y	Q33.8
LA75.Z	Q33
LA76	Q34.0
LA77	Q34.1
LA80	Q28.9
LA80.0	Q24.1
LA80.1	Q24.0
LA80.2	Q28.9
LA80.3	Q24.8
LA80.Y	Q28.9
LA80.Z	Q28.9
LA81	Q20.8
LA82	Q89.3
LA83	Q89.7
LA84	Q89.7
LA85	Q20.8
LA85.0	Q20.8
LA85.00	Q20.5
LA85.0Y	Q20.8
LA85.0Z	Q20.8
LA85.1	Q20.3
LA85.2	Q20.1
LA85.20	Q20.1
LA85.21	Q20.1
LA85.22	Q20.1
LA85.23	Q20.1
LA85.2Y	Q20.1
LA85.2Z	Q20.1
LA85.3	Q20.2
LA85.4	Q20.0
LA85.40	Q20.0
LA85.41	Q20.0
LA85.4Y	Q20.0
LA85.4Z	Q20.0
LA85.Y	Q20.8
LA85.Z	Q20.8
LA86	Q26
LA86.0	Q26.1
LA86.1	Q26
LA86.2	Q26.4
LA86.20	Q26.2
LA86.21	Q26.3
LA86.22	Q26.4
LA86.2Y	Q26.4
LA86.2Z	Q26.4
LA86.3	Q26
LA86.Y	Q26.8
LA86.Z	Q26
LA87	Q22.9
LA87.0	Q22
LA87.00	Q22
LA87.01	Q22.4
LA87.02	Q22
LA87.03	Q22.5
LA87.0Y	Q22.8
LA87.0Z	Q22
LA87.1	Q23
LA87.10	Q23.3
LA87.11	Q23.2
LA87.12	Q23
LA87.13	Q23
LA87.1Y	Q23.8
LA87.1Z	Q23
LA87.3	Q22.9
LA87.4	Q22.9
LA87.40	Q22.9
LA87.41	Q22.9
LA87.42	Q22.9
LA87.43	Q22.9
LA87.44	Q22.9
LA87.45	Q22.9
LA87.4Y	Q22.9
LA87.4Z	Q22.9
LA87.Y	Q22.9
LA87.Z	Q22.9
LA88.0	Q20.8
LA88.1	Q20.8
LA88.2	Q21.3
LA88.20	Q21.3
LA88.21	Q21.3
LA88.22	Q21.3
LA88.2Y	Q21.3
LA88.2Z	Q21.3
LA88.3	Q20.8
LA88.4	Q21.0
LA88.40	Q21.0
LA88.41	Q21.0
LA88.42	Q21.0
LA88.4Y	Q21.0
LA88.4Z	Q21.0
LA89	Q20.9
LA89.0	Q20.4
LA89.1	Q22.4
LA89.2	Q23.2
LA89.3	Q23.4
LA89.Y	Q20.9
LA89.Z	Q20.9
LA8A	Q20.8
LA8A.0	Q22.3
LA8A.00	Q22.1
LA8A.01	Q22.2
LA8A.0Y	Q22.3
LA8A.0Z	Q22.3
LA8A.1	Q22.0
LA8A.10	Q22.0
LA8A.1Y	Q22.0
LA8A.1Z	Q22.0
LA8A.2	Q23
LA8A.20	Q23.0
LA8A.21	Q23.1
LA8A.22	Q23
LA8A.23	Q23
LA8A.24	Q23
LA8A.2Y	Q23.8
LA8A.2Z	Q23
LA8A.3	Q25.3
LA8A.4	Q25.4
LA8A.5	Q24.4
LA8A.6	Q24.3
LA8A.Y	Q20.8
LA8A.Z	Q20.8
LA8B	Q25
LA8B.0	Q21.4
LA8B.1	Q25.7
LA8B.2	Q25
LA8B.21	Q25.1
LA8B.22	Q25.2
LA8B.23	Q25
LA8B.24	Q25
LA8B.2Y	Q25
LA8B.2Z	Q25
LA8B.3	Q25
LA8B.4	Q25.0
LA8B.Y	Q25.8
LA8B.Z	Q25
LA8C	Q24.5
LA8C.0	Q24.5
LA8C.1	Q24.5
LA8C.2	Q24.5
LA8C.Y	Q24.5
LA8C.Z	Q24.5
LA8D	Q24.8
LA8E	Q21.8
LA8E.0	Q21.1
LA8E.1	Q21.1
LA8E.2	Q21.1
LA8E.3	Q20.8
LA8E.Y	Q21.8
LA8E.Z	Q21.8
LA8F	Q20.8
LA8G	Q20.8
LA8G.0	Q24.2
LA8G.Y	Q20.8
LA8G.Z	Q20.8
LA8Y	Q28.9
LA8Z	Q28.9
LA90	Q28.9
LA90.0	Q28.9
LA90.00	I78.0
LA90.0Y	Q28.9
LA90.0Z	Q28.9
LA90.1	Q28.9
LA90.10	Q28.9
LA90.11	Q28.9
LA90.12	Q28.9
LA90.13	Q28.9
LA90.1Y	Q28.9
LA90.1Z	Q28.9
LA90.2	Q28.9
LA90.20	Q28.9
LA90.21	Q26.5
LA90.2Y	Q28.9
LA90.2Z	Q28.9
LA90.3	Q27.3
LA90.30	Q26.6
LA90.31	Q28.0
LA90.32	Q27.3
LA90.3Y	Q27.3
LA90.3Z	Q27.3
LA90.4	Q28.9
LA90.40	Q27.1
LA90.41	Q28.1
LA90.42	Q28.9
LA90.4Y	Q28.9
LA90.4Z	Q28.9
LA90.5	Q28.9
LA90.Y	Q28.9
LA90.Z	Q28.9
LA9Y	Q28.9
LA9Z	Q28.9
LB00	Q79.9
LB00.0	Q79.0
LB00.1	Q79.1
LB00.Y	Q79.9
LB00.Z	Q79.9
LB01	Q79.2
LB02	Q79.3
LB03	Q27.8
LB03.0	Q64.4
LB03.1	Q27.0
LB03.Y	Q27.8
LB03.Z	Q27.8
LB10	Q38.4
LB11	Q38.7
LB12	Q39
LB12.0	Q39.4
LB12.1	Q39
LB12.10	Q39
LB12.1Y	Q39
LB12.1Z	Q39
LB12.2	Q39.2
LB12.3	Q39.3
LB12.4	Q39.6
LB12.5	Q39.5
LB12.Y	Q39.8
LB12.Z	Q39
LB13	Q40.3
LB13.0	Q40.0
LB13.1	Q40.1
LB13.2	Q40.3
LB13.Y	Q40.3
LB13.Z	Q40.3
LB14	Q45.9
LB15	Q45.9
LB15.0	Q43.0
LB15.1	Q45.9
LB15.2	Q45.9
LB15.3	Q45.9
LB15.4	Q45.9
LB15.5	Q45.9
LB15.Y	Q45.9
LB15.Z	Q45.9
LB16	Q45.9
LB16.0	Q42
LB16.1	Q43.1
LB16.2	Q45.9
LB16.3	Q45.9
LB16.Y	Q45.9
LB16.Z	Q45.9
LB17	Q42.9
LB17.0	Q42.9
LB17.1	Q43.5
LB17.2	Q43.7
LB17.3	Q64.1
LB17.4	Q42.9
LB17.Y	Q42.9
LB17.Z	Q42.9
LB18	Q43.3
LB1Y	Q45.9
LB1Z	Q45.9
LB20	Q44
LB20.0	Q44.7
LB20.00	Q44.6
LB20.0Y	Q44.7
LB20.0Z	Q44.7
LB20.1	Q44.1
LB20.10	Q44.0
LB20.1Y	Q44.1
LB20.1Z	Q44.1
LB20.2	Q44.5
LB20.20	Q44.4
LB20.21	Q44.2
LB20.22	Q44.3
LB20.23	Q44.5
LB20.24	Q44.5
LB20.2Y	Q44.5
LB20.2Z	Q44.5
LB20.Y	Q44
LB20.Z	Q44
LB21	Q45
LB21.0	Q45.1
LB21.1	Q45.3
LB21.2	Q45.3
LB21.3	Q45.0
LB21.4	Q45.0
LB21.5	Q45.0
LB21.Y	Q45.8
LB21.Z	Q45
LB22	Q89.0
LB22.0	Q89.0
LB22.1	Q89.0
LB22.2	Q89.0
LB22.Y	Q89.0
LB22.Z	Q89.0
LB30	Q63.9
LB30.0	Q60
LB30.00	Q60.2
LB30.0Y	Q60
LB30.0Z	Q60
LB30.1	Q61.4
LB30.2	Q61.0
LB30.3	Q63.9
LB30.4	Q63.9
LB30.5	Q63.0
LB30.6	Q63.1
LB30.60	Q63.1
LB30.61	Q63.1
LB30.62	Q63.1
LB30.6Y	Q63.1
LB30.6Z	Q63.1
LB30.7	Q63.2
LB30.8	Q63.9
LB30.9	Q63.9
LB30.Y	Q63.9
LB30.Z	Q63.9
LB31	Q62
LB31.0	Q62.0
LB31.1	Q62.2
LB31.2	Q64.3
LB31.3	Q64.1
LB31.4	Q64.6
LB31.5	Q62
LB31.6	Q62
LB31.7	Q62
LB31.8	Q62.1
LB31.9	Q62.4
LB31.A	Q62.5
LB31.B	Q62.6
LB31.C	Q64.5
LB31.D	Q62.7
LB31.Y	Q62.8
LB31.Z	Q62
LB40	Q52.8
LB40.0	Q52.8
LB40.1	Q52.8
LB40.2	Q52.5
LB40.Y	Q52.8
LB40.Z	Q52.8
LB41	Q52.6
LB41.0	Q52.6
LB41.1	Q52.6
LB41.2	Q52.6
LB41.Y	Q52.6
LB41.Z	Q52.6
LB42.0	Q52.0
LB42.1	Q52.1
LB42.2	Q52.2
LB42.3	N89.6
LB42.4	Q52.3
LB42.5	N89.5
LB43	Q51
LB43.0	Q51.6
LB43.1	Q51.5
LB43.Y	Q51.8
LB43.Z	Q51
LB44	Q51
LB44.0	Q51.0
LB44.1	Q51
LB44.2	Q51
LB44.3	Q51.3
LB44.4	Q51
LB44.5	Q51.7
LB44.6	Q51
LB44.Y	Q51.8
LB44.Z	Q51
LB45	Q50
LB45.0	Q50.0
LB45.1	Q99
LB45.2	Q50.1
LB45.3	Q50.2
LB45.4	Q50
LB45.5	Q50
LB45.6	Q50
LB45.7	Q50
LB45.8	Q50.4
LB45.9	Q50.5
LB45.Y	Q50
LB45.Z	Q50
LB50	Q55.5
LB51	Q55.0
LB52	Q53
LB52.0	Q53.0
LB52.1	Q53.1
LB52.2	Q53.2
LB52.Y	Q53
LB52.Z	Q53
LB53	Q54
LB53.0	Q54.0
LB53.00	Q54.0
LB53.01	Q54.0
LB53.0Y	Q54.0
LB53.0Z	Q54.0
LB53.1	Q54.1
LB53.2	Q54.2
LB53.3	Q54
LB53.4	Q54.3
LB53.Y	Q54.8
LB53.Z	Q54
LB54	Q54.4
LB55	Q64.0
LB56	Q55.2
LB57	Q55.3
LB58	Q55.2
LB59	Q55.1
LB60	Q83.0
LB61	Q83.2
LB62	Q83.1
LB63	Q83.3
LB6Y	Q83.8
LB6Z	Q83
LB70	Q75
LB70.0	Q75.0
LB70.00	Q67.3
LB70.0Y	Q75.0
LB70.0Z	Q75.0
LB70.1	Q75
LB70.2	Q75
LB70.3	Q75.3
LB70.Y	Q75.8
LB70.Z	Q75
LB71	Q75
LB71.0	Q75
LB71.1	Q75.2
LB71.Y	Q75.8
LB71.Z	Q75
LB72.0	Q76.5
LB73	Q76
LB73.0	Q76.0
LB73.1	Q76
LB73.10	Q76
LB73.11	Q76
LB73.12	Q76
LB73.13	Q76.7
LB73.1Y	Q76
LB73.1Z	Q76
LB73.2	Q76
LB73.20	Q76.1
LB73.21	Q76
LB73.22	Q76
LB73.23	Q76
LB73.24	Q76
LB73.25	Q76.3
LB73.26	Q76
LB73.27	Q76
LB73.28	Q76
LB73.29	Q76
LB73.2A	Q76.2
LB73.2Y	Q76
LB73.2Z	Q76
LB73.Y	Q76.8
LB73.Z	Q76
LB74	Q65
LB74.0	Q65
LB74.1	Q65
LB74.2	Q65.6
LB74.3	Q65
LB74.4	Q65
LB74.5	Q65
LB74.Y	Q65.8
LB74.Z	Q65
LB78	Q69.9
LB78.0	Q69.1
LB78.1	Q70.4
LB78.2	Q69.0
LB78.3	Q69.2
LB78.Y	Q69.9
LB78.Z	Q69.9
LB79	Q70
LB79.0	Q70.0
LB79.1	Q70.1
LB79.2	Q70.2
LB79.3	Q70.3
LB79.Y	Q70
LB79.Z	Q70
LB80	Q68.1
LB80.0	Q68.1
LB80.2	Q68.1
LB80.Y	Q68.1
LB80.Z	Q68.1
LB81.0	Q66.8
LB93	Q68.2
LB93.0	Q68.2
LB93.1	Q68.2
LB93.Y	Q68.2
LB93.Z	Q68.2
LB96.0	Q68.3
LB96.1	Q68.4
LB98	Q66
LB98.0	Q66.3
LB98.00	Q66.0
LB98.01	Q66.1
LB98.02	Q66.2
LB98.0Y	Q66.3
LB98.0Z	Q66.3
LB98.1	Q66.5
LB98.2	Q66.6
LB98.20	Q66.6
LB98.21	Q66.6
LB98.22	Q66.4
LB98.2Y	Q66.6
LB98.2Z	Q66.6
LB98.3	Q66.7
LB98.4	Q66
LB98.5	Q66
LB98.Y	Q66.8
LB98.Z	Q66
LB99	Q71
LB99.0	Q71.0
LB99.1	Q71
LB99.2	Q71.4
LB99.3	Q71.5
LB99.4	Q71.1
LB99.5	Q71.2
LB99.6	Q71.3
LB99.7	Q71
LB99.8	Q71.6
LB99.Y	Q71.8
LB99.Z	Q71
LB9A	Q72
LB9A.0	Q72.0
LB9A.1	Q72.5
LB9A.2	Q72.6
LB9A.3	Q72.1
LB9A.4	Q72.3
LB9A.5	Q72
LB9A.6	Q72.7
LB9A.7	Q72.2
LB9A.8	Q72.4
LB9A.Y	Q72.8
LB9A.Z	Q72
LC00	Q85.9
LC00.0	Q82.5
LC00.Y	Q85.9
LC00.Z	Q85.9
LC01	Q85.9
LC02	Q85.9
LC0Y	Q84.9
LC10	L81.8
LC1Y	Q84.9
LC20	Q85.8
LC2Y	Q84.9
LC30	Q84.2
LC31	Q84.6
LC40	Q84.9
LC50	Q82.8
LC50.0	Q82.5
LC50.1	Q82.5
LC50.Y	Q82.8
LC51	Q27.8
LC52	D18.0
LC5Y	Q84.9
LC5Z	Q84.9
LC60	Q84.8
LC7Y	Q84.9
LC7Z	Q84.9
LC80	Q89.1
LC8Y	Q89.1
LC8Z	Q89.1
LD20.0	Q04.8
LD20.00	Q04.3
LD20.01	Q04.3
LD20.0Y	Q04.8
LD20.0Z	Q04.8
LD20.1	Q04.3
LD20.4	Q04.8
LD21	Q15.9
LD21.0	Q15.9
LD21.Y	Q15.9
LD21.Z	Q15.9
LD22	K07.9
LD23	Q28.9
LD24.00	Q77.4
LD24.01	Q77.4
LD24.02	Q77.1
LD24.03	Q77.5
LD24.04	Q77.3
LD24.1	Q78.8
LD24.10	Q78.2
LD24.11	Q78.8
LD24.1Y	Q78.8
LD24.1Z	Q78.8
LD24.2	Q79.8
LD24.20	Q78.6
LD24.21	Q87.5
LD24.22	K10.8
LD24.23	Q87.8
LD24.2Y	Q79.8
LD24.2Z	Q79.8
LD24.4	Q77.8
LD24.5	Q77.8
LD24.50	Q77.0
LD24.51	Q77.0
LD24.5Y	Q77.8
LD24.5Z	Q77.8
LD24.6	Q79.8
LD24.60	Q79.8
LD24.61	Q79.8
LD24.6Y	Q79.8
LD24.7	Q78.5
LD24.8	Q79.8
LD24.80	Q79.8
LD24.8Y	Q79.8
LD24.8Z	Q79.8
LD24.9	Q79.8
LD24.A	Q79.8
LD24.B	Q77.2
LD24.B0	Q77.2
LD24.B1	Q77.2
LD24.BY	Q77.2
LD24.BZ	Q77.2
LD24.C	Q79.8
LD24.D	Q79.8
LD24.E	Q79.8
LD24.F	Q79.8
LD24.G	Q75.8
LD24.G0	Q75.8
LD24.G1	Q75.8
LD24.G2	Q79.8
LD24.GY	Q75.8
LD24.GZ	Q75.8
LD24.H	Q79.8
LD24.J	Q74.1
LD24.J0	Q87.2
LD24.JY	Q74.1
LD24.JZ	Q74.1
LD24.K	Q79.8
LD24.K0	Q78.0
LD24.KY	Q79.8
LD24.KZ	Q79.8
LD25	Q87.8
LD25.0	Q87.8
LD25.00	Q87.8
LD25.0Y	Q87.8
LD25.0Z	Q87.8
LD25.1	Q87.8
LD25.2	Q87.8
LD25.3	Q75.1
LD25.Y	Q87.8
LD25.Z	Q87.8
LD26	Q87.2
LD26.0	Q87.2
LD26.1	Q87.2
LD26.2	Q87.2
LD26.3	Q87.2
LD26.4	Q87.2
LD26.40	Q87.2
LD26.41	Q74.3
LD26.4Y	Q87.2
LD26.4Z	Q87.2
LD26.5	Q87.2
LD26.6	Q87.2
LD26.60	Q87.2
LD26.6Y	Q87.2
LD26.6Z	Q87.2
LD26.Y	Q87.2
LD26.Z	Q87.2
LD27.0	Q82.8
LD27.00	Q82.3
LD27.01	Q87.8
LD27.02	Q82.4
LD27.03	Q82.8
LD27.0Y	Q82.8
LD27.0Z	Q82.8
LD27.1	Q82.1
LD27.2	Q80
LD27.3	Q84.2
LD27.4	Q84.6
LD27.5	Q87.0
LD27.6	E88.1
LD27.60	E88.1
LD27.6Z	E88.1
LD28	Q87.8
LD28.0	Q87.8
LD28.00	Q87.4
LD28.01	Q87.4
LD28.0Y	Q87.8
LD28.0Z	Q87.8
LD28.1	Q79.6
LD28.10	Q79.6
LD28.1Y	Q79.6
LD28.1Z	Q79.6
LD28.2	Q82.8
LD28.Y	Q87.8
LD28.Z	Q87.8
LD29	Q87.8
LD2A.0	Q99
LD2A.1	Q97.3
LD2A.4	E34.5
LD2B	Q87.8
LD2C	Q87.3
LD2D	Q85
LD2D.0	Q85
LD2D.1	Q85
LD2D.10	Q85.0
LD2D.11	Q85
LD2D.12	Q85
LD2D.1Y	Q85
LD2D.1Z	Q85
LD2D.2	Q85.1
LD2D.3	Q85
LD2D.4	Q85
LD2D.Y	Q85.8
LD2D.Z	Q85
LD2F	Q87.8
LD2F.0	Q86
LD2F.00	Q86.0
LD2F.01	Q86.1
LD2F.02	Q86.2
LD2F.03	Q86
LD2F.0Y	Q86
LD2F.0Z	Q86
LD2F.1	Q87.8
LD2F.10	Q79.4
LD2F.11	Q87.2
LD2F.12	Q87.2
LD2F.13	Q61.9
LD2F.14	Q87.8
LD2F.15	Q87.1
LD2F.16	Q87.8
LD2F.1Y	Q87.8
LD2F.1Z	Q87.8
LD2F.Y	Q87.8
LD2F.Z	Q87.8
LD2G	Q89.4
LD2H	Q87.8
LD2H.0	Q87.8
LD2H.1	Q87.8
LD2H.2	Q87.8
LD2H.3	Q87.8
LD2H.4	Q87.8
LD2H.Y	Q87.8
LD2H.Z	Q87.8
LD40.0	Q90
LD40.1	Q91
LD40.2	Q91.3
LD41.00	Q92.2
LD41.01	Q92.2
LD41.10	Q92.2
LD41.11	Q92.2
LD41.20	Q92.2
LD41.21	Q92.2
LD41.30	Q92.2
LD41.31	Q92.2
LD41.40	Q92.2
LD41.41	Q92.2
LD41.50	Q92.2
LD41.51	Q92.2
LD41.60	Q92.2
LD41.61	Q92.2
LD41.70	Q92.2
LD41.71	Q92.2
LD41.80	Q92.2
LD41.81	Q92.2
LD41.90	Q92.2
LD41.91	Q92.2
LD41.B0	Q92.2
LD41.B1	Q92.2
LD41.F0	Q92.2
LD41.F1	Q92.2
LD41.G0	Q92.2
LD41.G1	Q92.2
LD41.H0	Q92.2
LD41.H1	Q92.2
LD41.J0	Q92.2
LD41.J1	Q92.2
LD41.K0	Q92.2
LD41.K1	Q92.2
LD41.P	Q92.5
LD41.Q	Q92.6
LD42	Q92.7
LD42.0	Q92.7
LD42.1	Q92.7
LD42.Y	Q92.7
LD42.Z	Q92.7
LD43.0	Q92.0
LD43.1	Q92.1
LD44	Q93.9
LD44.1	Q93.9
LD44.10	Q93.9
LD44.11	Q93.9
LD44.1Y	Q93.9
LD44.1Z	Q93.9
LD44.2	Q93.9
LD44.20	Q93.9
LD44.21	Q93.9
LD44.2Y	Q93.9
LD44.2Z	Q93.9
LD44.3	Q93.9
LD44.30	Q93.9
LD44.31	Q93.9
LD44.3Y	Q93.9
LD44.3Z	Q93.9
LD44.4	Q93.9
LD44.40	Q93.9
LD44.41	Q93.3
LD44.4Y	Q93.9
LD44.4Z	Q93.9
LD44.5	Q93.9
LD44.50	Q93.9
LD44.51	Q93.9
LD44.5Y	Q93.9
LD44.5Z	Q93.9
LD44.6	Q93.9
LD44.60	Q93.9
LD44.61	Q93.9
LD44.6Y	Q93.9
LD44.6Z	Q93.9
LD44.7	Q93.9
LD44.70	Q93.9
LD44.71	Q93.9
LD44.7Y	Q93.9
LD44.7Z	Q93.9
LD44.8	Q93.9
LD44.80	Q93.9
LD44.81	Q93.9
LD44.8Y	Q93.9
LD44.8Z	Q93.9
LD44.9	Q93.9
LD44.90	Q93.9
LD44.91	Q93.9
LD44.9Y	Q93.9
LD44.9Z	Q93.9
LD44.A	Q93.9
LD44.A0	Q93.9
LD44.A1	Q93.9
LD44.AY	Q93.9
LD44.AZ	Q93.9
LD44.B	Q93.9
LD44.B0	Q93.9
LD44.B1	Q93.9
LD44.BY	Q93.9
LD44.BZ	Q93.9
LD44.C	Q93.9
LD44.C0	Q93.9
LD44.C1	Q93.9
LD44.CY	Q93.9
LD44.CZ	Q93.9
LD44.D	Q93.9
LD44.E	Q93.9
LD44.F	Q93.9
LD44.G	Q93.9
LD44.G0	Q93.9
LD44.G1	Q93.9
LD44.GY	Q93.9
LD44.GZ	Q93.9
LD44.H	Q93.9
LD44.H0	Q93.9
LD44.H1	Q93.9
LD44.HY	Q93.9
LD44.HZ	Q93.9
LD44.J	Q93.9
LD44.J0	Q93.9
LD44.J1	Q93.9
LD44.JY	Q93.9
LD44.JZ	Q93.9
LD44.K	Q93.9
LD44.K0	Q93.9
LD44.K1	Q93.9
LD44.KY	Q93.9
LD44.KZ	Q93.9
LD44.L	Q93.9
LD44.L0	Q93.9
LD44.L1	Q93.9
LD44.LY	Q93.9
LD44.LZ	Q93.9
LD44.M	Q93.9
LD44.N	Q93.9
LD44.N0	D82.1
LD44.NY	Q93.9
LD44.NZ	Q93.9
LD44.P	Q93.7
LD44.Y	Q93.9
LD44.Z	Q93.9
LD47	Q95
LD47.0	Q95.0
LD47.1	Q95.1
LD47.2	Q95.2
LD47.3	Q95.3
LD47.4	Q95.5
LD47.Y	Q95.8
LD47.Z	Q95
LD50.0	Q96
LD50.00	Q96.0
LD50.01	Q96.1
LD50.02	Q96.2
LD50.03	Q96.3
LD50.04	Q96.4
LD50.1	Q97.0
LD50.2	Q97.2
LD50.3	Q98.4
LD50.30	Q98.0
LD50.31	Q98.1
LD50.3Y	Q98.4
LD50.3Z	Q98.4
LD52.1	Q98.5
LD53	Q98.6
LD54	Q98.7
LD55	Q99.2
LD56	Q99.0
LD56.0	Q99.0
LD56.1	Q99.0
LD56.Y	Q99.0
LD56.Z	Q99.0
LD90.0	Q93.5
LD90.1	Q99
LD90.2	Q99
LD90.3	Q87.1
LD90.4	F84.2
MA00	R79
MA01	R59
MA01.0	R59.0
MA01.1	R59.1
MA01.Z	R59
MA0Y	R79.8
MA10	R74
MA10.0	R74.0
MA10.1	R74.8
MA10.2	R74.9
MA12	R78
MA12.0	R78.1
MA12.1	R78.2
MA12.2	R78.3
MA12.3	R78.5
MA12.4	R78.6
MA12.Y	R78.8
MA13	R78
MA13.0	R78.7
MA13.00	R78.7
MA13.0Y	R78.7
MA13.1	R78.0
MA13.Y	R78.8
MA14.0	R75
MA14.1	R76
MA14.10	R76.1
MA14.11	M06.0
MA14.12	R76
MA14.13	R76
MA14.14	R76
MA14.15	R76
MA14.16	R76.2
MA14.17	R76
MA14.18	R76
MA14.19	R76
MA14.1A	R76
MA14.1B	R76
MA14.1C	R76.0
MA14.1D	M06.0
MA14.1E	R76
MA15.0	A49.9
MA16.0	R71
MA16.00	R71
MA16.0Y	R71
MA16.0Z	R71
MA16.1	R72
MA16.10	R72
MA16.11	R72
MA16.1Z	R72
MA18.0	R73
MA18.00	R73.0
MA18.0Y	R73
MA18.0Z	R73
MA18.1	R79.0
MA19	R77
MA19.0	R77.0
MA19.1	R77.2
MA19.2	R77.1
MA19.Y	R77.8
MA19.Z	R77
MA1A	R70
MA1A.0	R70.0
MA1A.1	R70.1
MA50	R94.6
MA51	R94.7
MA80	R47
MA80.0	R47.0
MA80.1	R47.0
MA80.2	R47.1
MA80.20	R47.1
MA80.2Y	R47.1
MA80.2Z	R47.1
MA80.Y	R47.8
MA80.Z	R47
MA81	R47.8
MA82	R49
MA82.0	R49.1
MA82.1	R49.0
MA82.10	R49.0
MA82.1Y	R49.0
MA82.1Z	R49.0
MA82.2	R49.2
MA82.Y	R49.8
MA82.Z	R49
MB20	R40
MB20.0	R40.1
MB20.1	R40.2
MB20.2	R40
MB20.Y	R40
MB21.0	R41.8
MB21.10	R41.1
MB21.11	R41.2
MB21.12	G45.4
MB21.2	R41.8
MB21.4	R41.0
MB21.5	R41.8
MB21.6	R41.8
MB21.7	R41.8
MB21.8	R41.8
MB21.A	R41.8
MB22.0	R45.8
MB22.2	R45.3
MB22.4	R46.8
MB22.5	R46.3
MB23	R46
MB23.0	R46
MB23.1	R46
MB23.2	R46
MB23.3	R46
MB23.4	R46
MB23.5	R46
MB23.6	R46.2
MB23.7	R46
MB23.8	R46
MB23.9	R46
MB23.A	R46
MB23.C	R46
MB23.D	R46
MB23.E	R46
MB23.F	R46.1
MB23.G	R46
MB23.H	R46
MB23.J	R46.0
MB23.K	R46
MB23.L	R46
MB23.M	R46
MB23.N	R46.4
MB23.Q	R46
MB23.R	R46
MB23.S	R46
MB23.Y	R46.8
MB23.Z	R46
MB24	R45
MB24.0	R45
MB24.1	R45
MB24.2	R45
MB24.3	R45.0
MB24.4	R45.3
MB24.5	R45
MB24.6	R45
MB24.60	R45
MB24.61	R45
MB24.62	R45
MB24.63	R45
MB24.64	R45
MB24.6Y	R45
MB24.6Z	R45
MB24.7	R45
MB24.8	R45
MB24.9	R45
MB24.A	R45
MB24.B	R45
MB24.C	R45.4
MB24.D	R45
MB24.E	R45
MB24.F	R45.1
MB24.G	R45
MB24.H	R45
MB24.Y	R45.8
MB24.Z	R45
MB25.00	R46.7
MB25.01	R46.8
MB25.02	R46.8
MB25.03	R46.8
MB25.1	R46.8
MB25.2	R46.8
MB25.3	R46.8
MB26	R41.8
MB26.0	R41.8
MB26.00	R41.8
MB26.01	R41.8
MB26.02	R41.8
MB26.03	R41.8
MB26.04	R41.8
MB26.05	R41.8
MB26.06	R41.8
MB26.07	R41.8
MB26.08	R41.8
MB26.09	R41.8
MB26.0A	R41.8
MB26.0B	R41.8
MB26.0C	R41.8
MB26.0Y	R41.8
MB26.0Z	R41.8
MB26.1	R41.8
MB26.10	R41.8
MB26.11	R41.8
MB26.12	R41.8
MB26.1Y	R41.8
MB26.1Z	R41.8
MB26.2	R41.8
MB26.3	R41.8
MB26.4	R41.8
MB26.5	R41.8
MB26.6	R41.8
MB26.7	R41.8
MB26.8	R41.8
MB26.9	R46.5
MB26.A	R41.8
MB26.Y	R41.8
MB26.Z	R41.8
MB27.2	R44.3
MB27.20	R44.0
MB27.21	R44.3
MB27.22	R44.3
MB27.23	R44.3
MB27.24	R44.3
MB27.25	R44.3
MB27.26	R44.3
MB27.27	R44.1
MB27.2Y	R44.3
MB27.2Z	R44.3
MB28	R46.8
MB28.0	R46.8
MB28.1	R46.8
MB28.2	R46.8
MB28.3	R46.8
MB28.4	R46.8
MB28.5	R46.8
MB28.6	R46.8
MB28.7	R46.8
MB28.8	R46.8
MB28.9	R46.8
MB28.A	R46.8
MB28.B	R46.8
MB28.C	R46.8
MB28.D	R46.8
MB28.E	R46.8
MB28.F	R46.8
MB28.G	R46.8
MB28.H	R46.8
MB28.Y	R46.8
MB28.Z	R46.8
MB40.0	R41.8
MB40.1	R20.8
MB40.3	R20.0
MB40.4	R20.2
MB40.5	R20.3
MB40.6	R20.8
MB40.7	I73.8
MB41	R43
MB41.0	R43.0
MB41.1	R43.1
MB41.2	R43.2
MB41.3	R43.8
MB41.Y	R43.8
MB41.Z	R43
MB43	G47.9
MB44	R26
MB44.0	R26.0
MB44.1	R26.1
MB44.2	R26.2
MB44.3	R26.3
MB44.Y	R26.8
MB44.Z	R26
MB45	R27
MB45.0	R27.0
MB45.1	R27
MB45.2	R27
MB45.3	R27
MB45.4	R27
MB45.Y	R27.8
MB45.Z	R27
MB46	R25
MB46.0	R25
MB46.1	R25.0
MB46.2	R25
MB46.3	R25
MB46.4	R25
MB46.5	R25
MB46.Y	R25.8
MB46.Z	R25
MB47	R29
MB47.0	R29.2
MB47.1	R29.3
MB47.2	R29
MB47.3	R25.2
MB47.4	R29
MB47.5	R25.3
MB47.6	R29.1
MB47.7	R29
MB47.8	R29
MB47.9	R29
MB47.A	R29
MB47.B	R29
MB47.C	R29.6
MB47.D	R29.0
MB47.Y	R29.8
MB47.Z	R29
MB48	R42
MB48.0	R42
MB48.00	H81.4
MB48.0Y	R42
MB48.0Z	R42
MB48.1	R42
MB48.2	R42
MB48.3	R42
MB48.4	R42
MB48.Y	R42
MB48.Z	R42
MB4A	R48.2
MB4B	R48
MB4B.0	R48.0
MB4B.1	R48.1
MB4B.2	R48
MB4B.3	R48
MB4B.4	R48
MB4B.5	R48
MB4B.Y	R48.8
MB4B.Z	R48
MB50	G82.5
MB50.0	G82.3
MB50.1	G82.4
MB50.Z	G82.5
MB51	G83.0
MB51.0	G83.0
MB51.1	G83.0
MB51.Z	G83.0
MB53	G81
MB53.0	G81
MB53.1	G81.0
MB53.2	G81.1
MB53.Z	G81
MB54	G83.2
MB54.0	G83.2
MB54.1	G83.2
MB54.Z	G83.2
MB55	G83.1
MB55.0	G83.1
MB55.1	G83.1
MB55.Z	G83.1
MB56	G82.2
MB70	R83
MB70.0	R83.0
MB70.1	R83.1
MB70.2	R83.2
MB70.3	R83.3
MB70.4	R83.4
MB70.5	R83.5
MB70.6	R83.6
MB70.7	R83.7
MB70.8	R83.8
MB70.Y	R83.8
MB70.Z	R83
MB71	R90
MB71.0	R90.0
MB71.Y	R90.8
MB71.Z	R90
MB72	R29.8
MB7Y	R29.8
MC12	H04.0
MC13	H04.2
MC14	H57.8
MC15	H57.8
MC18	H57.1
MC19	H53.4
MC1A	H43.3
MC1B	H02.9
MC1C	Z46.0
MC1D	Z46.0
MC20	H57.8
MC20.0	H57.8
MC20.1	H57.8
MC20.2	H57.8
MC20.Y	H57.8
MC21	R94.1
MC21.0	R94.1
MC21.1	R94.1
MC21.Y	R94.1
MC21.Z	R94.1
MC40	H93.8
MC41	H93.1
MC80	R03
MC80.0	R03.0
MC80.00	R03.0
MC80.01	R03.0
MC80.02	R03.0
MC80.03	R03.0
MC80.0Y	R03.0
MC80.0Z	R03.0
MC80.1	R03.1
MC80.Y	R03
MC80.Z	R03
MC81	R00
MC81.0	R00
MC81.1	R00.1
MC81.2	R00.2
MC81.3	I47
MC81.4	R00.3
MC81.Y	R00.8
MC81.Z	R00
MC82	I46
MC82.0	I46.9
MC82.1	I46.9
MC82.2	I46.9
MC82.3	I46.9
MC82.4	I46
MC82.Z	I46
MC83	R01
MC83.0	R01.0
MC83.1	R01.2
MC83.Z	R01
MC84	R09
MC85	R02
MC86	R07.2
MC87	R09
MC88	R09
MC8Y	R09
MC90	R93.1
MC91	R94.3
MC9Y	R09.8
MD10	R09.3
MD11	R06
MD11.0	R06
MD11.1	R09.0
MD11.2	R06
MD11.3	R06
MD11.4	R06.3
MD11.5	R06.0
MD11.6	R06.6
MD11.7	R06.4
MD11.8	R06.5
MD11.80	R06.5
MD11.8Y	R06.5
MD11.8Z	R06.5
MD11.9	R06
MD11.A	R06.7
MD11.B	R06.1
MD11.C	R06.2
MD11.D	R06
MD11.Y	R06.8
MD11.Z	R06
MD12	R05
MD20	R04.0
MD21	R04.1
MD22	R04.2
MD23	R04.8
MD24	R04
MD2Z	R04
MD30	R07
MD30.0	R07.1
MD30.1	R07.3
MD30.Z	R07
MD31	R09.1
MD32	R09
MD33	R09.2
MD34	R09
MD35	R09
MD36	R09
MD36.0	R07.0
MD36.Y	R09
MD36.Z	R09
MD3Y	R09
MD40	R84
MD40.0	R84.0
MD40.1	R84.1
MD40.2	R84.2
MD40.3	R84.3
MD40.4	R84.4
MD40.5	R84.5
MD40.50	R84.5
MD40.51	R84.5
MD40.52	R84.5
MD40.5Y	R84.5
MD40.5Z	R84.5
MD40.6	R84.6
MD40.7	R84.7
MD40.Y	R84.8
MD41	R91
MD42	R09
MD4Y	R09
MD6Y	R09.8
MD81	R10
MD81.0	R10
MD81.1	R10
MD81.10	R10.1
MD81.11	R10.2
MD81.12	R10.3
MD81.1Z	R10
MD81.2	R10
MD81.3	R10.0
MD81.4	R10.4
MD82	R19.0
MD90	R11
MD90.0	R11
MD90.1	R11
MD93	R13
MD94	R19.6
MD95	R12
ME00	R19.8
ME01	R19.8
ME02	R19.3
ME03	R19.1
ME03.0	R19.1
ME03.1	R19.1
ME03.Z	R19.1
ME04	R18
ME04.0	R18
ME04.Y	R18
ME04.Z	R18
ME05	R19.4
ME05.0	R19.4
ME05.1	R19.4
ME05.Y	R19.4
ME05.Z	R19.4
ME06	R19.8
ME07	R15
ME07.0	R15
ME07.1	R15
ME07.2	R15
ME07.Y	R15
ME07.Z	R15
ME08	R14
ME09	R19.8
ME0A	R19.2
ME0B	R19.8
ME0Y	R19.8
ME10.0	R16
ME10.00	R16.0
ME10.01	R16.1
ME10.02	R16.2
ME10.1	R17.0
ME20	R85
ME20.0	R85.0
ME20.1	R85.1
ME20.2	R85.2
ME20.3	R85.3
ME20.4	R85.4
ME20.5	R85.5
ME20.6	R85.6
ME20.7	R85.7
ME20.Y	R85.8
ME20.Z	R85
ME21	R93.2
ME22	R93.3
ME23	R94.8
ME24.9	K92.2
ME24.90	K92.2
ME24.91	K92.2
ME24.9Z	K92.2
ME24.A	K92.2
ME24.A0	K92.2
ME24.A1	K62.5
ME24.A2	K92.2
ME24.A3	K92.2
ME24.A4	K92.1
ME24.A5	K92.0
ME24.A6	R19.5
ME60	L98.9
ME60.0	L98.9
ME60.1	L81.9
ME60.2	L98.4
ME60.3	L57.0
ME60.Z	L98.9
ME61	R22
ME62	R21
ME62.0	R21
ME62.1	R21
ME62.2	R21
ME62.3	R21
ME62.4	R21
ME62.5	R21
ME62.7	R21
ME62.8	R21
ME62.9	R21
ME62.Y	R21
ME63	L98.9
ME63.0	L98.9
ME63.1	L98.9
ME63.2	L98.9
ME63.3	L13.9
ME63.4	L98.9
ME63.5	L98.9
ME63.6	L98.9
ME63.7	L98.9
ME64	R23
ME64.0	L53.9
ME64.1	R23.0
ME64.2	R23.1
ME64.3	R23
ME64.4	R23.2
ME65	R20
ME65.0	R20
ME65.1	R20
ME65.2	R20
ME65.3	R20
ME65.4	R20
ME65.Y	R20.8
ME66	R23
ME66.0	R23
ME66.1	R23.4
ME66.2	L98.7
ME66.3	R23
ME66.4	R23
ME66.5	R23
ME66.6	R23
ME66.60	R23
ME66.61	R23
ME66.6Y	R23
ME66.6Z	R23
ME66.Y	R23.8
ME67	L98.9
ME80	R29.4
ME81	R07.3
ME81.0	R07.3
ME81.Y	R07.3
ME81.Z	R07.3
ME82	M25.5
ME83	R29.8
ME84	M54
ME84.1	M54.6
ME84.2	M54.5
ME84.20	M54.4
ME84.2Y	M54.5
ME84.2Z	M54.5
ME84.3	M54.3
ME84.Z	M54
ME85	M25.6
ME86	R68.8
ME86.0	R68.8
ME86.1	R68.8
ME86.2	R68.8
ME86.20	R68.8
ME86.21	R68.8
ME86.22	R68.8
ME86.2Y	R68.8
ME86.2Z	R68.8
ME86.3	R68.8
ME86.4	R68.8
ME86.5	R68.8
ME86.6	R68.8
ME86.7	R68.8
ME86.8	R68.8
ME86.9	R68.8
ME86.A	R68.8
ME86.B	R68.8
ME86.C	R68.8
ME86.D	R68.8
ME86.D0	R68.8
ME86.DY	R68.8
ME86.DZ	R68.8
ME86.E	R68.8
ME86.F	R29.8
ME86.G	R29.8
ME86.Y	R68.8
ME86.Z	R68.8
ME8Y	R29.8
ME90	R93.0
ME91	R93.6
ME92	R93.7
ME92.0	M48.5
ME92.1	R93.7
ME92.Y	R93.7
ME92.Z	R93.7
ME93	M99
ME93.0	M99.0
ME93.1	M99.2
ME93.2	M99.3
ME93.3	M99.4
ME93.4	M99.5
ME93.40	M99.5
ME93.41	M99.5
ME93.42	M99.5
ME93.43	M99.5
ME93.44	M99.5
ME93.4Y	M99.5
ME93.4Z	M99.5
ME93.5	M99.6
ME93.6	M99.7
ME93.Y	M99.8
ME93.Z	M99
MF30	Z04.8
MF31	Z04.8
MF32	Z04.8
MF33	Z04.8
MF34	Z04.8
MF35	Z04.8
MF36	Z04.8
MF37	Z04.8
MF38	N94.9
MF39	Z04.8
MF3A	N89.8
MF3Y	Z04.8
MF40	Z04.8
MF40.0	Z04.8
MF40.00	Z04.8
MF40.0Y	Z04.8
MF40.0Z	Z04.8
MF40.1	Z04.8
MF40.2	Z04.8
MF40.20	Z04.8
MF40.21	Z04.8
MF40.2Y	Z04.8
MF40.2Z	Z04.8
MF40.3	Z04.8
MF40.Y	Z04.8
MF40.Z	Z04.8
MF41	Z04.8
MF42	Z04
MF4Y	Z04.8
MF50	R39.8
MF50.0	R35
MF50.1	R35
MF50.2	R32
MF50.20	N39.3
MF50.21	N39.4
MF50.22	R32
MF50.23	N39.4
MF50.24	N39.4
MF50.2Y	R32
MF50.2Z	R32
MF50.3	R33
MF50.4	R31
MF50.40	R31
MF50.41	R31
MF50.4Z	R31
MF50.5	R39.0
MF50.6	R39.1
MF50.60	R39.1
MF50.61	R39.1
MF50.62	R39.1
MF50.63	R39.8
MF50.64	R39.8
MF50.65	R39.1
MF50.6Y	R39.1
MF50.6Z	R39.1
MF50.7	R30.0
MF50.8	R30.1
MF50.Y	R39.8
MF50.Z	R39.8
MF51	R34
MF52	R39.8
MF53	R39.2
MF54	N28.8
MF54.0	N26
MF54.1	N26
MF54.2	N27
MF54.Y	N28.8
MF54.Z	N28.8
MF55	R35
MF56	N23
MF57	R39.8
MF58	R36
MF59	R39.8
MF60	R87.0
MF61	R87.1
MF62	R87.2
MF63	R87.3
MF64	R87.4
MF65	R87.5
MF66	R87.6
MF66.0	R87.6
MF66.Y	R87.6
MF66.Z	R87.6
MF67	R87.7
MF68	R87
MF6Y	R87.8
MF6Z	R87
MF70	R86.0
MF71	R86.1
MF72	R86.2
MF73	R86.3
MF74	R86.4
MF75	R86.5
MF76	R86.6
MF77	R86.7
MF78	R86
MF7Y	R86.8
MF7Z	R86
MF83	N08.3
MF84	N08.8
MF85	N08.8
MF90	R82.4
MF91	R82.2
MF92	R82.0
MF93	R81
MF94	R82.3
MF95	R82.1
MF96	R80
MF96.0	N39.2
MF96.1	R80
MF96.Y	R80
MF96.Z	R80
MF99	R82.5
MF9A	R82.6
MF9B	R82.7
MF9C	R82.8
MG00	R92
MG01	R93.4
MG02	R94.4
MG20	R64
MG20.0	R64
MG20.Z	R64
MG21	R68.8
MG22	R53
MG23	R45.8
MG24	R45.8
MG24.0	R45.8
MG24.00	R45.8
MG24.01	R45.8
MG24.02	R45.8
MG24.0Y	R45.8
MG24.0Z	R45.8
MG24.1	R45.8
MG24.2	R45.8
MG24.3	R45.8
MG24.4	R45.8
MG24.5	R45.8
MG24.6	R45.8
MG24.7	R45.8
MG24.8	R45.8
MG24.9	R45.8
MG24.A	R45.8
MG24.B	R45.8
MG24.C	R45.8
MG24.D	R45.8
MG24.E	R45.8
MG24.F	R45.8
MG24.G	R45.8
MG24.H	R45.8
MG24.J	R45.8
MG24.Y	R45.8
MG24.Z	R45.8
MG25	R53
MG26	R50
MG27	R58
MG28	R68.0
MG29	R60
MG29.0	R60.0
MG29.00	R60.0
MG29.01	R60.0
MG29.02	R60.0
MG29.0Y	R60.0
MG29.1	R60.1
MG29.10	R60.1
MG29.1Y	R60.1
MG29.2	R60
MG29.3	R60
MG29.Z	R60
MG2A	R54
MG30	R52
MG30.0	R52
MG30.00	R52
MG30.01	R52
MG30.02	R52
MG30.03	R52
MG30.04	G90.7
MG30.0Y	R52
MG30.0Z	R52
MG30.1	R52
MG30.10	R52
MG30.11	R52
MG30.1Y	R52
MG30.1Z	R52
MG30.2	R52
MG30.20	R52
MG30.21	R52
MG30.2Y	R52
MG30.2Z	R52
MG30.3	R52
MG30.30	R52
MG30.31	R52
MG30.32	R52
MG30.3Y	R52
MG30.3Z	R52
MG30.4	R52
MG30.40	R52
MG30.41	R52
MG30.42	R52
MG30.4Y	R52
MG30.4Z	R52
MG30.5	R52
MG30.50	R52
MG30.51	R52
MG30.5Y	R52
MG30.5Z	R52
MG30.6	R52
MG30.61	R52
MG30.62	R52
MG30.63	R52
MG30.64	R52
MG30.65	R52
MG30.66	R52
MG30.67	R52
MG30.6Y	R52
MG30.6Z	R52
MG30.Y	R52
MG30.Z	R52
MG31	R52.0
MG31.0	R52.0
MG31.1	R52.0
MG31.2	R52.0
MG31.Y	R52.0
MG31.Z	R52.0
MG3Z	R52
MG40	R57
MG40.0	R57.0
MG40.1	R57.1
MG40.Y	R57.8
MG40.Z	R57
MG41	R68.8
MG42	R40.0
MG43	R63
MG43.0	R63.1
MG43.1	R63.2
MG43.2	R68.8
MG43.3	R63.3
MG43.30	R63.3
MG43.31	R63.3
MG43.32	R63.3
MG43.3Z	R63.3
MG43.4	R63.6
MG43.40	R63.6
MG43.41	R63.6
MG43.4Y	R63.6
MG43.4Z	R63.6
MG43.5	R63.4
MG43.6	R63.5
MG43.7	R63.0
MG43.8	R63
MG43.9	R63
MG43.Y	R63.8
MG44	R68.8
MG44.0	R68.1
MG44.1	R62
MG44.10	R62.0
MG44.11	R62
MG44.12	R62
MG44.13	R62
MG44.14	R62
MG44.1Y	R62.8
MG44.1Z	R62
MG44.Y	R68.8
MG44.Z	R68.8
MG45	R55
MG45.0	R55
MG45.Y	R55
MG45.Z	R55
MG46	R68.8
MG47	R68.8
MG48	R69
MG49	R68.8
MG4A	R68.8
MG4Y	R68.8
MG50.02	U82.8
MG50.03	U83.8
MG50.10	U83.2
MG50.22	U82.8
MG50.24	U82.8
MG50.25	U83.8
MG50.27	U82.2
MG50.52	U82.8
MG50.54	U82.8
MG50.55	U83.8
MG50.56	U82.2
MG50.80	U82.8
MG50.81	U83.8
MG50.90	U83.2
MG50.91	U82.8
MG50.A1	U83.2
MG50.B0	U83.2
MG50.C	U82.2
MG50.C0	U82.2
MG50.C1	U82.2
MG50.CY	U82.2
MG50.CZ	U82.2
MG51.00	U82.1
MG51.01	U83
MG51.10	U82.0
MG51.20	U83
MG52.0	U84.3
MG52.00	U84.3
MG52.01	U84.3
MG52.02	U84.3
MG52.0Y	U84.3
MG52.0Z	U84.3
MG53	U84.2
MG53.0	U84.2
MG53.Y	U84.2
MG53.Z	U84.2
MG54	U84.1
MG55	U84.0
MG55.0	U84.0
MG55.Y	U84.0
MG55.Z	U84.0
MG60	R89.0
MG61	R89.1
MG62	R89.2
MG63	R89.3
MG64	R89.4
MG65	R89.5
MG66	R89.6
MG67	R89.7
MG6Y	R89.8
MG72	R94.8
MH11	R95
MH11.0	R95.0
MH11.1	R95.9
MH11.Z	R95
MH12	R96
MH12.0	R96.0
MH12.1	R96.1
MH12.Y	R96
MH13	R98
MH14	R99
NA00	S00
NA00.0	S00.0
NA00.00	S00.0
NA00.01	S00.0
NA00.02	S00.0
NA00.0Y	S00.0
NA00.0Z	S00.0
NA00.1	S00
NA00.10	S00
NA00.11	S00.1
NA00.1Y	S00
NA00.1Z	S00
NA00.2	S00.4
NA00.3	S00.3
NA00.4	S00.5
NA00.5	S00.7
NA00.6	S00
NA00.7	S00
NA00.Y	S00.8
NA00.Z	S00
NA01	S01
NA01.2	S01
NA01.3	S01
NA01.4	S01
NA01.5	S01
NA01.6	S01
NA01.7	S01.7
NA01.Y	S01.8
NA01.Z	S01
NA02	S02
NA02.0	S02.0
NA02.00	S02.0
NA02.01	S02.0
NA02.02	S02.0
NA02.03	S02.0
NA02.0Z	S02.0
NA02.1	S02.1
NA02.10	S02.1
NA02.11	S02.1
NA02.12	S02.1
NA02.13	S02.1
NA02.14	S02.1
NA02.15	S02.1
NA02.16	S02.1
NA02.17	S02.1
NA02.18	S02.1
NA02.19	S02.1
NA02.1A	S02.1
NA02.1Z	S02.1
NA02.2	S02
NA02.20	S02
NA02.21	S02.3
NA02.2Y	S02
NA02.2Z	S02
NA02.3	S02.2
NA02.4	S02.4
NA02.40	S02.4
NA02.41	S02.4
NA02.42	S02.4
NA02.4Y	S02.4
NA02.4Z	S02.4
NA02.5	S02
NA02.7	S02.6
NA02.70	S02.6
NA02.71	S02.6
NA02.72	S02.6
NA02.73	S02.6
NA02.74	S02.6
NA02.75	S02.6
NA02.76	S02.6
NA02.7Y	S02.6
NA02.7Z	S02.6
NA02.8	S02.7
NA02.Y	S02.8
NA02.Z	S02
NA03	S03
NA03.0	S03.0
NA03.1	S03.1
NA03.3	S03.4
NA03.Y	S03
NA03.Z	S03
NA04	S04
NA04.0	S04
NA04.1	S04.0
NA04.10	S04.0
NA04.11	S04.0
NA04.12	S04.0
NA04.13	S04.0
NA04.14	S04.0
NA04.15	S04.0
NA04.16	S04.0
NA04.1Y	S04.0
NA04.1Z	S04.0
NA04.2	S04.1
NA04.3	S04.2
NA04.4	S04.3
NA04.5	S04.4
NA04.6	S04.5
NA04.7	S04.6
NA04.8	S04
NA04.9	S04
NA04.A	S04.7
NA04.B	S04
NA04.Z	S04
NA05	S09.0
NA05.0	S09.0
NA05.1	S09.0
NA05.Z	S09.0
NA06	S05
NA06.0	S05
NA06.00	S05
NA06.01	S05
NA06.02	S05
NA06.03	S05
NA06.04	S01.1
NA06.0Y	S05
NA06.0Z	S05
NA06.1	S05.4
NA06.2	S05
NA06.3	S05
NA06.4	S05.0
NA06.5	S05
NA06.6	S05
NA06.60	S05
NA06.61	S05
NA06.62	S05
NA06.63	S05
NA06.6Y	S05
NA06.6Z	S05
NA06.7	S05
NA06.8	S05
NA06.80	H44.6
NA06.81	H44.7
NA06.82	S05
NA06.83	S05
NA06.84	S05.6
NA06.85	S05.7
NA06.86	S05
NA06.87	S05.2
NA06.88	S05
NA06.89	S05
NA06.8A	S05
NA06.8B	H44.6
NA06.8C	H44.7
NA06.8D	S05.3
NA06.8E	S05
NA06.8Y	S05
NA06.8Z	S05
NA06.9	S05.1
NA06.A	S05
NA06.Y	S05.8
NA06.Z	S05
NA07	S06
NA07.0	S06.0
NA07.00	S06.0
NA07.01	S06.0
NA07.02	S06.0
NA07.03	S06.0
NA07.04	S06.0
NA07.05	S06.0
NA07.06	S06.0
NA07.07	S06.0
NA07.08	S06.0
NA07.09	S06.0
NA07.0Y	S06.0
NA07.0Z	S06.0
NA07.1	S06
NA07.2	S06.1
NA07.20	S06.1
NA07.21	S06.1
NA07.2Y	S06.1
NA07.2Z	S06.1
NA07.3	S06.2
NA07.30	S06.2
NA07.31	S06.2
NA07.32	S06.2
NA07.33	S06.2
NA07.3Y	S06.2
NA07.3Z	S06.2
NA07.4	S06.3
NA07.40	S06.3
NA07.41	S06.3
NA07.42	S06.3
NA07.43	S06.3
NA07.44	S06.3
NA07.45	S06.3
NA07.46	S06.3
NA07.47	S06.3
NA07.48	S06.3
NA07.49	S06.3
NA07.4A	S06.3
NA07.4B	S06.3
NA07.4C	S06.3
NA07.4D	S06.3
NA07.4E	S06.3
NA07.4F	S06.3
NA07.4Z	S06.3
NA07.5	S06.4
NA07.6	S06.5
NA07.60	S06.5
NA07.61	S06.5
NA07.6Z	S06.5
NA07.7	S06.6
NA07.8	S06
NA07.80	S06
NA07.81	S06
NA07.82	S06
NA07.83	S06
NA07.84	S06
NA07.85	S06
NA07.86	S06
NA07.8Y	S06
NA07.8Z	S06
NA07.Y	S06.8
NA07.Z	S06
NA08	S07
NA08.0	S07
NA08.1	S07.0
NA08.2	S07.1
NA08.3	S07
NA08.Y	S07.8
NA08.Z	S07
NA09	S08
NA09.0	S08.0
NA09.1	S08.1
NA09.10	S08.1
NA09.11	S08.1
NA09.1Z	S08.1
NA09.2	S08
NA09.20	S08
NA09.21	S08
NA09.2Z	S08
NA09.3	S08
NA09.Y	S08.8
NA09.Z	S08
NA0A	S09
NA0A.0	S09
NA0A.00	S09
NA0A.01	S09
NA0A.02	S09
NA0A.03	S09
NA0A.0Y	S09
NA0A.0Z	S09
NA0A.1	S09.1
NA0A.10	S09.1
NA0A.11	S09.1
NA0A.1Y	S09.1
NA0A.1Z	S09.1
NA0A.2	S09.2
NA0A.3	S09.7
NA0A.Y	S09.8
NA20	S10
NA20.0	S10
NA20.1	S10.0
NA20.2	S10.1
NA20.3	S10.7
NA20.Y	S10.8
NA20.Z	S10
NA21	S11
NA21.0	S11
NA21.1	S11
NA21.2	S11
NA21.3	S11
NA21.4	S11
NA21.5	S11.7
NA21.Y	S11.8
NA21.Z	S11
NA22	S12
NA22.0	S12.0
NA22.00	S12.0
NA22.01	S12.0
NA22.02	S12.0
NA22.03	S12.0
NA22.0Z	S12.0
NA22.1	S12.1
NA22.10	S12.1
NA22.11	S12.1
NA22.12	S12.1
NA22.13	S12.1
NA22.1Z	S12.1
NA22.2	S12
NA22.3	S12.7
NA22.Z	S12
NA23	S13
NA23.0	S13.0
NA23.1	S13.1
NA23.10	S13.1
NA23.11	S13.1
NA23.12	S13.1
NA23.1Z	S13.1
NA23.2	S13.2
NA23.3	S13.3
NA23.4	S13.4
NA23.40	S13.4
NA23.41	S13.4
NA23.42	S13.4
NA23.4Y	S13.4
NA23.4Z	S13.4
NA23.5	S13.5
NA23.Y	S13
NA23.Z	S13
NA30	S14.0
NA31	S14.1
NA31.0	S14.1
NA31.1	S14.1
NA31.2	S14.1
NA31.3	S14.1
NA31.4	S14.1
NA31.5	S14.1
NA3Z	S14
NA40	S14.2
NA41	S14.3
NA41.0	S14.3
NA41.1	S14.3
NA41.2	S14.3
NA41.Y	S14.3
NA41.Z	S14.3
NA42	S14.4
NA42.0	S14.4
NA42.1	S14.4
NA42.Y	S14.4
NA42.Z	S14.4
NA43	S14.5
NA44	S14
NA4Y	S14
NA4Z	S14
NA60	S15
NA60.0	S15.0
NA60.00	S15.0
NA60.01	S15.0
NA60.0Y	S15.0
NA60.0Z	S15.0
NA60.1	S15.1
NA60.10	S15.1
NA60.11	S15.1
NA60.1Y	S15.1
NA60.1Z	S15.1
NA60.2	S15.2
NA60.20	S15.2
NA60.21	S15.2
NA60.2Y	S15.2
NA60.2Z	S15.2
NA60.3	S15.3
NA60.30	S15.3
NA60.31	S15.3
NA60.3Y	S15.3
NA60.3Z	S15.3
NA60.4	S15.7
NA60.Y	S15.8
NA60.Z	S15
NA61	S16
NA61.0	S16
NA61.1	S16
NA61.Y	S16
NA61.Z	S16
NA62	S17
NA62.0	S17.0
NA62.Y	S17.8
NA62.Z	S17
NA63	S18
NA64	S19.7
NA80	S20
NA80.0	S20
NA80.1	S20.0
NA80.2	S20.1
NA80.3	S20.3
NA80.4	S20.4
NA80.5	S20
NA80.6	S20.2
NA80.7	S20.7
NA80.Y	S20.8
NA80.Z	S20
NA81	S21
NA81.0	S21
NA81.1	S21
NA81.2	S21
NA81.3	S21
NA81.4	S21
NA81.5	S21.7
NA81.Y	S21.8
NA81.Z	S21
NA82	S22
NA82.0	S22.0
NA82.1	S22.1
NA82.2	S22.2
NA82.3	S22.3
NA82.30	S22.3
NA82.3Y	S22.3
NA82.3Z	S22.3
NA82.4	S22.4
NA82.5	S22.5
NA82.Y	S22.8
NA82.Z	S22
NA83	S23
NA83.0	S23.0
NA83.1	S23.1
NA83.2	S23.2
NA83.3	S23.3
NA83.4	S23.4
NA83.40	S23.4
NA83.41	S23.4
NA83.42	S23.4
NA83.43	S23.4
NA83.Y	S23
NA83.Z	S23
NA90	S24.0
NA91	S24.1
NA91.0	S24.1
NA91.1	S24.1
NA91.2	S24.1
NA91.3	S24.1
NA91.4	S24.1
NA91.5	S24.1
NA9Z	S24
NB00	S24.2
NB01	S24.3
NB02	S24.4
NB0Y	S24
NB2Y	S24
NB2Z	S24
NB30	S25
NB30.0	S25.0
NB30.00	S25.0
NB30.01	S25.0
NB30.0Y	S25.0
NB30.0Z	S25.0
NB30.1	S25.1
NB30.10	S25.1
NB30.11	S25.1
NB30.1Y	S25.1
NB30.1Z	S25.1
NB30.2	S25.2
NB30.20	S25.2
NB30.21	S25.2
NB30.2Y	S25.2
NB30.2Z	S25.2
NB30.3	S25.3
NB30.30	S25.3
NB30.31	S25.3
NB30.3Y	S25.3
NB30.3Z	S25.3
NB30.4	S25.4
NB30.40	S25.4
NB30.41	S25.4
NB30.4Y	S25.4
NB30.4Z	S25.4
NB30.5	S25.5
NB30.50	S25.5
NB30.5Y	S25.5
NB30.5Z	S25.5
NB30.6	S25.7
NB30.Y	S25.8
NB30.Z	S25
NB31	S26
NB31.0	S26.0
NB31.00	S26.0
NB31.01	S26.0
NB31.02	S26.0
NB31.03	S26.0
NB31.0Y	S26.0
NB31.0Z	S26.0
NB31.1	S26
NB31.10	S26
NB31.11	S26
NB31.1Y	S26
NB31.1Z	S26
NB31.2	S26
NB31.3	S26
NB31.4	S26
NB31.40	S26
NB31.4Y	S26
NB31.4Z	S26
NB31.Y	S26.8
NB31.Z	S26
NB32	S27
NB32.0	S27.0
NB32.1	S27.1
NB32.2	S27.2
NB32.3	S27.3
NB32.30	S27.3
NB32.31	S27.3
NB32.32	S27.3
NB32.33	S27.3
NB32.3Y	S27.3
NB32.3Z	S27.3
NB32.4	S27.4
NB32.40	S27.4
NB32.41	S27.4
NB32.42	S27.4
NB32.43	S27.4
NB32.4Y	S27.4
NB32.4Z	S27.4
NB32.5	S27.5
NB32.50	S27.5
NB32.51	S27.5
NB32.52	S27.5
NB32.53	S27.5
NB32.5Y	S27.5
NB32.5Z	S27.5
NB32.6	S27.6
NB32.60	S27.6
NB32.6Y	S27.6
NB32.6Z	S27.6
NB32.7	S27.7
NB32.Y	S27.8
NB32.Z	S27
NB33	S28
NB33.0	S28.0
NB33.1	S28
NB33.10	S28
NB33.11	S28
NB33.1Z	S28
NB33.2	S28.1
NB34	S29.0
NB34.0	S29.0
NB34.1	S29.0
NB34.Y	S29.0
NB34.Z	S29.0
NB35	S29.7
NB50	S30
NB50.0	S30
NB50.1	S30.0
NB50.2	S30
NB50.3	S30.1
NB50.4	S30
NB50.5	S30.2
NB50.6	S30.7
NB50.Y	S30.8
NB50.Z	S30
NB51	S31
NB51.0	S31
NB51.1	S31
NB51.2	S31
NB51.3	S31
NB51.4	S31
NB51.5	S31.7
NB51.Y	S31.8
NB51.Z	S31
NB52	S32
NB52.0	S32.0
NB52.1	S32
NB52.10	S32.1
NB52.11	S32.2
NB52.12	S32.3
NB52.13	S32.4
NB52.14	S32.5
NB52.15	S32
NB52.1Y	S32
NB52.1Z	S32
NB52.2	S32
NB52.3	S32
NB52.4	S32.7
NB52.Y	S32.8
NB52.Z	S32
NB53	S33
NB53.0	S33.0
NB53.1	S33.1
NB53.2	S33.2
NB53.3	S33.3
NB53.4	S33.4
NB53.5	S33.5
NB53.6	S33.6
NB53.Y	S33
NB53.Z	S33
NB60	S34.0
NB61	S34
NB62	S34.1
NB62.0	S34.1
NB62.1	S34.1
NB62.2	S34.1
NB62.3	S34.1
NB62.4	S34.1
NB62.5	S34.1
NB62.6	S34.1
NB63	S34
NB63.0	S34
NB63.1	S34
NB63.Z	S34
NB6Z	S34
NB70	S34.2
NB71	S34
NB72	S34.3
NB73	S34.4
NB74	S34.5
NB75	S34.6
NB7Y	S34
NB7Z	S34
NB90	S35
NB90.0	S35.0
NB90.00	S35.0
NB90.01	S35.0
NB90.0Y	S35.0
NB90.0Z	S35.0
NB90.1	S35.1
NB90.10	S35.1
NB90.11	S35.1
NB90.1Y	S35.1
NB90.1Z	S35.1
NB90.2	S35.2
NB90.20	S35.2
NB90.21	S35.2
NB90.2Y	S35.2
NB90.2Z	S35.2
NB90.3	S35
NB90.30	S35
NB90.31	S35
NB90.3Y	S35
NB90.3Z	S35
NB90.4	S35.3
NB90.40	S35.3
NB90.41	S35.3
NB90.4Y	S35.3
NB90.4Z	S35.3
NB90.5	S35.4
NB90.50	S35.4
NB90.51	S35.4
NB90.5Y	S35.4
NB90.5Z	S35.4
NB90.6	S35.5
NB90.60	S35.5
NB90.61	S35.5
NB90.6Y	S35.5
NB90.6Z	S35.5
NB90.7	S35.7
NB90.Y	S35.8
NB90.Z	S35
NB91	S36
NB91.0	S36.0
NB91.00	S36.0
NB91.01	S36.0
NB91.02	S36.0
NB91.03	S36.0
NB91.04	S36.0
NB91.05	S36.0
NB91.0Y	S36.0
NB91.0Z	S36.0
NB91.1	S36.1
NB91.10	S36.1
NB91.11	S36.1
NB91.12	S36.1
NB91.13	S36.1
NB91.14	S36.1
NB91.1Y	S36.1
NB91.1Z	S36.1
NB91.2	S36
NB91.3	S36
NB91.4	S36.2
NB91.40	S36.2
NB91.41	S36.2
NB91.42	S36.2
NB91.43	S36.2
NB91.4Y	S36.2
NB91.4Z	S36.2
NB91.5	S36.3
NB91.50	S36.3
NB91.51	S36.3
NB91.52	S36.3
NB91.53	S36.3
NB91.54	S36.3
NB91.5Y	S36.3
NB91.5Z	S36.3
NB91.6	S36
NB91.60	S36
NB91.61	S36
NB91.62	S36
NB91.63	S36
NB91.6Y	S36
NB91.6Z	S36
NB91.7	S36.4
NB91.70	S36.4
NB91.71	S36.4
NB91.72	S36.4
NB91.7Y	S36.4
NB91.7Z	S36.4
NB91.8	S36.5
NB91.80	S36.5
NB91.81	S36.5
NB91.82	S36.5
NB91.8Y	S36.5
NB91.8Z	S36.5
NB91.9	S36.6
NB91.90	S36.6
NB91.91	S36.6
NB91.92	S36.6
NB91.9Y	S36.6
NB91.9Z	S36.6
NB91.A	S36
NB91.B	S36.7
NB91.Y	S36.8
NB91.Z	S36
NB92	S37
NB92.0	S37.0
NB92.00	S37.0
NB92.01	S37.0
NB92.02	S37.0
NB92.03	S37.0
NB92.04	S37.0
NB92.0Y	S37.0
NB92.0Z	S37.0
NB92.1	S37.1
NB92.10	S37.1
NB92.11	S37.1
NB92.1Y	S37.1
NB92.1Z	S37.1
NB92.2	S37.2
NB92.20	S37.2
NB92.21	S37.2
NB92.2Y	S37.2
NB92.2Z	S37.2
NB92.3	S37.3
NB92.30	S37.3
NB92.31	S37.3
NB92.3Y	S37.3
NB92.3Z	S37.3
NB92.4	S37.4
NB92.40	S37.4
NB92.41	S37.4
NB92.4Y	S37.4
NB92.4Z	S37.4
NB92.5	S37.5
NB92.6	S37.6
NB92.7	S37
NB92.8	S37.7
NB92.Y	S37.8
NB92.Z	S37
NB93	S38
NB93.0	S38.0
NB93.00	S38.0
NB93.01	S38.0
NB93.02	S38.0
NB93.0Z	S38.0
NB93.1	S38.1
NB93.2	S38.2
NB93.20	S38.2
NB93.21	S38.2
NB93.22	S38.2
NB93.23	S38.2
NB93.24	S38.2
NB93.25	S38.2
NB93.2Z	S38.2
NB93.3	S38.3
NB94	S39.0
NB94.0	S39.0
NB94.1	S39.0
NB94.2	S39.0
NB94.3	S39.0
NB94.4	S39.0
NB94.5	S39.0
NB94.Y	S39.0
NB94.Z	S39.0
NB95	S39.6
NB96	S39.7
NC10	S40
NC10.0	S40
NC10.1	S40.0
NC10.2	S40.7
NC10.Y	S40.8
NC10.Z	S40
NC11	S41
NC11.0	S41
NC11.1	S41
NC11.2	S41
NC11.3	S41
NC11.4	S41
NC11.5	S41.7
NC11.Y	S41.8
NC11.Z	S41
NC12	S42
NC12.0	S42.0
NC12.00	S42.0
NC12.01	S42.0
NC12.02	S42.0
NC12.03	S42.0
NC12.0Y	S42.0
NC12.0Z	S42.0
NC12.1	S42.1
NC12.10	S42.1
NC12.1Y	S42.1
NC12.1Z	S42.1
NC12.2	S42.2
NC12.20	S42.2
NC12.21	S42.2
NC12.22	S42.2
NC12.23	S42.2
NC12.24	S42.2
NC12.2Z	S42.2
NC12.3	S42.3
NC12.4	S42.4
NC12.40	S42.4
NC12.41	S42.4
NC12.42	S42.4
NC12.43	S42.4
NC12.44	S42.4
NC12.4Y	S42.4
NC12.4Z	S42.4
NC12.5	S42.7
NC12.Y	S42.8
NC12.Z	S42
NC13	S43
NC13.0	S43.0
NC13.1	S43.1
NC13.2	S43.2
NC13.3	S43
NC13.4	S43.3
NC13.5	S43.4
NC13.6	S43.5
NC13.7	S43.6
NC13.8	S43.7
NC13.Y	S43
NC13.Z	S43
NC14	T11.3
NC14.0	S44.0
NC14.1	S44.1
NC14.2	S44.2
NC14.3	S44.3
NC14.4	S44.4
NC14.5	S44.5
NC14.6	S44.7
NC14.Y	T11.3
NC14.Z	T11.3
NC15	T11.4
NC15.0	S45.0
NC15.00	S45.0
NC15.0Y	S45.0
NC15.0Z	S45.0
NC15.1	S45.1
NC15.10	S45.1
NC15.1Y	S45.1
NC15.1Z	S45.1
NC15.2	S45.2
NC15.20	S45.2
NC15.2Y	S45.2
NC15.2Z	S45.2
NC15.3	S45.3
NC15.30	S45.3
NC15.3Y	S45.3
NC15.3Z	S45.3
NC15.4	S45.7
NC15.Y	T11.4
NC15.Z	T11.4
NC16	T11.5
NC16.0	S46.0
NC16.00	S46.0
NC16.01	S46.0
NC16.0Y	S46.0
NC16.0Z	S46.0
NC16.1	S46.1
NC16.10	S46.1
NC16.11	S46.1
NC16.1Y	S46.1
NC16.1Z	S46.1
NC16.2	S46.2
NC16.20	S46.2
NC16.21	S46.2
NC16.2Y	S46.2
NC16.2Z	S46.2
NC16.3	S46.3
NC16.30	S46.3
NC16.31	S46.3
NC16.3Y	S46.3
NC16.3Z	S46.3
NC16.4	S46.7
NC16.40	S46.7
NC16.41	S46.7
NC16.4Y	S46.7
NC16.4Z	S46.7
NC16.5	T11.5
NC16.Y	T11.5
NC16.Z	T11.5
NC17	S47
NC18	S48
NC18.0	S48.0
NC18.1	S48
NC18.2	S48
NC18.3	S48.1
NC18.4	S48
NC18.5	S48
NC18.Z	S48
NC19	S49.7
NC30	S50
NC30.0	S50
NC30.1	S50.0
NC30.2	S50
NC30.3	S50.1
NC30.4	S50.7
NC30.Y	S50.8
NC30.Z	S50
NC31	S51
NC31.0	S51
NC31.1	S51
NC31.2	S51
NC31.3	S51
NC31.4	S51
NC31.5	S51.7
NC31.Y	S51.8
NC31.Z	S51
NC32	S52
NC32.0	S52.0
NC32.1	S52.1
NC32.2	S52.2
NC32.3	S52.3
NC32.4	S52.4
NC32.5	S52.5
NC32.50	S52.5
NC32.51	S52.5
NC32.5Y	S52.5
NC32.5Z	S52.5
NC32.6	S52.6
NC32.7	S52.7
NC32.Y	S52.8
NC32.Z	S52
NC33	S53
NC33.0	S53.0
NC33.1	S53.1
NC33.2	S53.2
NC33.3	S53.3
NC33.4	S53.4
NC33.Y	S53
NC33.Z	S53
NC34	T92.4
NC34.0	S54.0
NC34.1	S54.1
NC34.2	S54.2
NC34.3	S54.3
NC34.4	S54.7
NC34.Y	T92.4
NC34.Z	T92.4
NC35.0	S55.0
NC35.00	S55.0
NC35.0Y	S55.0
NC35.0Z	S55.0
NC35.1	S55.1
NC35.10	S55.1
NC35.1Y	S55.1
NC35.1Z	S55.1
NC35.2	S55.2
NC35.20	S55.2
NC35.2Y	S55.2
NC35.2Z	S55.2
NC35.3	S55.7
NC36	S56
NC36.0	S56.0
NC36.00	S56.0
NC36.01	S56.0
NC36.0Y	S56.0
NC36.0Z	S56.0
NC36.1	S56.1
NC36.10	S56.1
NC36.11	S56.1
NC36.1Y	S56.1
NC36.1Z	S56.1
NC36.2	S56.2
NC36.20	S56.2
NC36.21	S56.2
NC36.2Y	S56.2
NC36.2Z	S56.2
NC36.3	S56.3
NC36.30	S56.3
NC36.31	S56.3
NC36.3Y	S56.3
NC36.3Z	S56.3
NC36.4	S56.4
NC36.40	S56.4
NC36.41	S56.4
NC36.4Y	S56.4
NC36.4Z	S56.4
NC36.5	S56.5
NC36.50	S56.5
NC36.51	S56.5
NC36.5Y	S56.5
NC36.5Z	S56.5
NC36.6	S56.7
NC36.7	S56
NC36.Y	S56.8
NC36.Z	S56
NC37	S57
NC37.0	S57.0
NC37.Y	S57.8
NC37.Z	S57
NC38	S58
NC38.0	S58.0
NC38.1	S58
NC38.2	S58
NC38.3	S58.1
NC38.4	S58
NC38.5	S58
NC38.Z	S58
NC39	S59.7
NC51	S60.9
NC51.0	S60.9
NC51.00	S60.9
NC51.01	S60.0
NC51.0Y	S60.9
NC51.0Z	S60.9
NC51.1	S60.9
NC51.10	S60.2
NC51.11	S60.9
NC51.1Y	S60.9
NC51.1Z	S60.9
NC51.2	S60.7
NC52	S61
NC52.0	S61.0
NC52.00	S61.0
NC52.01	S61.0
NC52.02	S61.0
NC52.03	S61.0
NC52.04	S61.0
NC52.0Y	S61.0
NC52.0Z	S61.0
NC52.1	S61
NC52.10	S61
NC52.11	S61
NC52.12	S61
NC52.13	S61
NC52.14	S61
NC52.1Y	S61
NC52.1Z	S61
NC52.2	S61.7
NC53	S62
NC53.0	S62.0
NC53.1	S62.1
NC53.2	S62.2
NC53.3	S62.3
NC53.30	S62.3
NC53.31	S62.3
NC53.3Y	S62.3
NC53.3Z	S62.3
NC53.4	S62.4
NC53.5	S62.5
NC53.6	S62.6
NC53.60	S62.6
NC53.61	S62.6
NC53.62	S62.6
NC53.63	S62.6
NC53.6Y	S62.6
NC53.6Z	S62.6
NC53.7	S62.7
NC53.Y	S62.8
NC53.Z	S62
NC54	S63
NC54.0	S63.0
NC54.00	S63.0
NC54.01	S63.0
NC54.02	S63.0
NC54.03	S63.0
NC54.04	S63.0
NC54.05	S63.0
NC54.0Y	S63.0
NC54.0Z	S63.0
NC54.1	S63
NC54.10	S63
NC54.11	S63
NC54.1Y	S63
NC54.1Z	S63
NC54.2	S63.1
NC54.20	S63.1
NC54.21	S63.1
NC54.2Y	S63.1
NC54.2Z	S63.1
NC54.3	S63.2
NC54.4	S63.3
NC54.40	S63.3
NC54.41	S63.3
NC54.42	S63.3
NC54.43	S63.3
NC54.4Y	S63.3
NC54.4Z	S63.3
NC54.5	S63.4
NC54.50	S63.4
NC54.51	S63.4
NC54.52	S63.4
NC54.53	S63.4
NC54.5Z	S63.4
NC54.6	S63.5
NC54.60	S63.5
NC54.61	S63.5
NC54.62	S63.5
NC54.6Y	S63.5
NC54.6Z	S63.5
NC54.7	S63
NC54.70	S63
NC54.71	S63
NC54.7Y	S63
NC54.7Z	S63
NC54.8	S63.6
NC54.80	S63.6
NC54.81	S63.6
NC54.8Y	S63.6
NC54.8Z	S63.6
NC54.Y	S63
NC54.Z	S63
NC55	S64
NC55.0	S64.0
NC55.1	S64.1
NC55.2	S64.2
NC55.3	S64.7
NC55.Y	S64.8
NC55.Z	S64
NC56	S65
NC56.0	S65.0
NC56.00	S65.0
NC56.01	S65.0
NC56.0Y	S65.0
NC56.0Z	S65.0
NC56.1	S65.1
NC56.10	S65.1
NC56.11	S65.1
NC56.1Y	S65.1
NC56.1Z	S65.1
NC56.2	S65.2
NC56.20	S65.2
NC56.21	S65.2
NC56.2Y	S65.2
NC56.2Z	S65.2
NC56.3	S65.3
NC56.30	S65.3
NC56.31	S65.3
NC56.3Y	S65.3
NC56.3Z	S65.3
NC56.4	S65.4
NC56.40	S65.4
NC56.41	S65.4
NC56.4Y	S65.4
NC56.4Z	S65.4
NC56.5	S65.5
NC56.50	S65.5
NC56.51	S65.5
NC56.5Y	S65.5
NC56.5Z	S65.5
NC56.6	S65.7
NC56.60	S65.7
NC56.61	S65.7
NC56.6Y	S65.7
NC56.6Z	S65.7
NC56.Y	S65.8
NC56.Z	S65
NC57	S66
NC57.0	S66.0
NC57.00	S66.0
NC57.01	S66.0
NC57.0Y	S66.0
NC57.0Z	S66.0
NC57.1	S66.1
NC57.10	S66.1
NC57.11	S66.1
NC57.1Y	S66.1
NC57.1Z	S66.1
NC57.2	S66.2
NC57.20	S66.2
NC57.21	S66.2
NC57.2Y	S66.2
NC57.2Z	S66.2
NC57.3	S66.3
NC57.30	S66.3
NC57.31	S66.3
NC57.3Y	S66.3
NC57.3Z	S66.3
NC57.4	S66.4
NC57.40	S66.4
NC57.41	S66.4
NC57.4Y	S66.4
NC57.4Z	S66.4
NC57.5	S66.5
NC57.50	S66.5
NC57.51	S66.5
NC57.5Y	S66.5
NC57.5Z	S66.5
NC57.6	S66.6
NC57.7	S66.7
NC57.Y	S66.8
NC57.Z	S66
NC58	S67
NC58.0	S67.0
NC58.1	S67
NC58.2	S67
NC58.3	S67
NC58.Y	S67.8
NC58.Z	S67
NC59	S68.9
NC59.0	S68.0
NC59.00	S68.0
NC59.01	S68.0
NC59.02	S68.0
NC59.0Y	S68.0
NC59.0Z	S68.0
NC59.1	S68.1
NC59.2	S68.2
NC59.20	S68.2
NC59.21	S68.2
NC59.22	S68.2
NC59.2Y	S68.2
NC59.2Z	S68.2
NC59.3	S68.3
NC59.4	S68.9
NC59.Z	S68.9
NC5A	S69.7
NC5A.0	S69.7
NC5A.1	S69.7
NC5A.Y	S69.7
NC5A.Z	S69.7
NC70	S70
NC70.0	S70
NC70.1	S70.0
NC70.2	S70
NC70.3	S70.1
NC70.4	S70.7
NC70.Y	S70.8
NC70.Z	S70
NC71	S71
NC71.0	S71
NC71.1	S71
NC71.2	S71
NC71.3	S71
NC71.4	S71
NC71.5	S71.7
NC71.Y	S71.8
NC71.Z	S71
NC72	S72
NC72.0	S72
NC72.1	S72
NC72.2	S72.0
NC72.20	S72.0
NC72.21	S72.0
NC72.22	S72.0
NC72.23	S72.0
NC72.2Y	S72.0
NC72.2Z	S72.0
NC72.3	S72.1
NC72.30	S72.1
NC72.31	S72.1
NC72.3Y	S72.1
NC72.3Z	S72.1
NC72.4	S72.2
NC72.5	S72.3
NC72.6	S72.4
NC72.60	S72.4
NC72.61	S72.4
NC72.62	S72.4
NC72.63	S72.4
NC72.64	S72.4
NC72.65	S72.4
NC72.66	S72.4
NC72.6Y	S72.4
NC72.6Z	S72.4
NC72.7	S72.7
NC72.8	S72.8
NC72.Y	S72.8
NC72.Z	S72
NC73	S73
NC73.0	S73.0
NC73.00	S73.0
NC73.01	S73.0
NC73.02	S73.0
NC73.03	S73.0
NC73.0Y	S73.0
NC73.0Z	S73.0
NC73.1	S73.1
NC73.10	S73.1
NC73.11	S73.1
NC73.1Y	S73.1
NC73.1Z	S73.1
NC74	S74
NC74.0	S74.0
NC74.1	S74.1
NC74.2	S74.2
NC74.3	S74.7
NC74.Y	S74.8
NC74.Z	S74
NC75	S75
NC75.0	S75.0
NC75.00	S75.0
NC75.01	S75.0
NC75.0Y	S75.0
NC75.0Z	S75.0
NC75.1	S75.1
NC75.10	S75.1
NC75.11	S75.1
NC75.1Y	S75.1
NC75.1Z	S75.1
NC75.2	S75.2
NC75.20	S75.2
NC75.21	S75.2
NC75.2Y	S75.2
NC75.2Z	S75.2
NC75.3	S75.7
NC75.Y	S75.8
NC75.Z	S75
NC76	S76
NC76.0	S76.0
NC76.00	S76.0
NC76.01	S76.0
NC76.0Y	S76.0
NC76.0Z	S76.0
NC76.1	S76.1
NC76.10	S76.1
NC76.11	S76.1
NC76.1Y	S76.1
NC76.1Z	S76.1
NC76.2	S76.2
NC76.20	S76.2
NC76.21	S76.2
NC76.2Y	S76.2
NC76.2Z	S76.2
NC76.3	S76.3
NC76.30	S76.3
NC76.31	S76.3
NC76.3Y	S76.3
NC76.3Z	S76.3
NC76.4	S76.7
NC76.40	S76.7
NC76.4Y	S76.7
NC76.4Z	S76.7
NC76.Y	S76
NC76.Z	S76
NC77	S77
NC77.0	S77.0
NC77.1	S77.1
NC77.2	S77.2
NC77.Z	S77
NC78	S78
NC78.0	S78.0
NC78.1	S78
NC78.2	S78
NC78.3	S78.1
NC78.4	S78
NC78.5	S78
NC78.Z	S78
NC79	S79.7
NC90	S80
NC90.0	S80
NC90.1	S80.0
NC90.2	S80
NC90.3	S80.1
NC90.4	S80.7
NC90.Y	S80.8
NC90.Z	S80
NC91	S81
NC91.0	S81
NC91.1	S81
NC91.2	S81
NC91.3	S81
NC91.4	S81
NC91.5	S81.7
NC91.Y	S81.8
NC91.Z	S81
NC92	S82
NC92.0	S82.0
NC92.1	S82.1
NC92.10	S82.1
NC92.11	S82.1
NC92.12	S82.1
NC92.13	S82.1
NC92.14	S82.1
NC92.1Y	S82.1
NC92.1Z	S82.1
NC92.2	S82.2
NC92.3	S82.3
NC92.4	S82.4
NC92.40	S82.4
NC92.4Y	S82.4
NC92.4Z	S82.4
NC92.5	S82.5
NC92.6	S82.6
NC92.7	S82
NC92.70	S82
NC92.71	S82
NC92.72	S82
NC92.73	S82
NC92.74	S82
NC92.75	S82
NC92.76	S82
NC92.77	S82
NC92.7Y	S82
NC92.7Z	S82
NC92.8	S82.7
NC92.Y	S82.8
NC92.Z	S82
NC93	S83
NC93.0	S83
NC93.1	S83.0
NC93.10	S83.0
NC93.1Y	S83.0
NC93.1Z	S83.0
NC93.2	S83.1
NC93.20	S83.1
NC93.21	S83.1
NC93.22	S83.1
NC93.23	S83.1
NC93.2Y	S83.1
NC93.2Z	S83.1
NC93.3	S83.2
NC93.30	S83.2
NC93.31	S83.2
NC93.3Y	S83.2
NC93.3Z	S83.2
NC93.4	S83.3
NC93.5	S83.4
NC93.50	S83.4
NC93.51	S83.4
NC93.52	S83.4
NC93.53	S83.4
NC93.5Y	S83.4
NC93.5Z	S83.4
NC93.6	S83.5
NC93.60	S83.5
NC93.61	S83.5
NC93.62	S83.5
NC93.63	S83.5
NC93.6Y	S83.5
NC93.6Z	S83.5
NC93.7	S83.6
NC93.8	S83.7
NC93.Y	S83
NC93.Z	S83
NC94	T13.3
NC94.0	S84.0
NC94.1	S84.1
NC94.2	S84.2
NC94.3	S84.7
NC94.Y	T13.3
NC94.Z	T13.3
NC95	T13.4
NC95.0	S85.0
NC95.00	S85.0
NC95.0Y	S85.0
NC95.0Z	S85.0
NC95.1	S85.1
NC95.10	S85.1
NC95.1Y	S85.1
NC95.1Z	S85.1
NC95.2	T13.4
NC95.20	T13.4
NC95.2Y	T13.4
NC95.2Z	T13.4
NC95.3	S85.2
NC95.30	S85.2
NC95.3Y	S85.2
NC95.3Z	S85.2
NC95.4	S85.3
NC95.40	S85.3
NC95.4Y	S85.3
NC95.4Z	S85.3
NC95.5	S85.4
NC95.50	S85.4
NC95.5Y	S85.4
NC95.5Z	S85.4
NC95.6	S85.5
NC95.60	S85.5
NC95.6Y	S85.5
NC95.6Z	S85.5
NC95.7	S85.7
NC95.Y	T13.4
NC95.Z	T13.4
NC96	T13.5
NC96.0	S86.0
NC96.00	S86.0
NC96.01	S86.0
NC96.02	S86.0
NC96.0Y	S86.0
NC96.0Z	S86.0
NC96.1	S86.1
NC96.10	S86.1
NC96.11	S86.1
NC96.1Y	S86.1
NC96.1Z	S86.1
NC96.2	S86.2
NC96.20	S86.2
NC96.21	S86.2
NC96.2Y	S86.2
NC96.2Z	S86.2
NC96.3	S86.3
NC96.30	S86.3
NC96.31	S86.3
NC96.3Y	S86.3
NC96.3Z	S86.3
NC96.4	S86.7
NC96.5	T13.5
NC96.Y	T13.5
NC96.Z	T13.5
NC97	S87
NC97.0	S87.0
NC97.Y	S87.8
NC97.Z	S87
NC98	S88
NC98.0	S88.0
NC98.1	S88.0
NC98.2	S88.0
NC98.3	S88.1
NC98.4	S88.1
NC98.5	S88.1
NC98.Y	S88
NC98.Z	S88
NC99	S89.7
ND10	S90.2
ND11	S90
ND11.0	S90
ND11.1	S90.0
ND11.2	S90
ND11.3	S90
ND11.4	S90
ND11.40	S90
ND11.4Y	S90
ND11.4Z	S90
ND11.5	S90
ND11.6	S90.1
ND11.7	S90
ND11.8	S90.3
ND11.9	S90
ND11.A	S90
ND11.B	S90
ND11.B0	S90
ND11.BY	S90
ND11.BZ	S90
ND11.C	S90.7
ND11.Y	S90.8
ND11.Z	S90
ND12	S91
ND12.0	S91
ND12.1	S91
ND12.2	S91
ND12.3	S91
ND12.4	S91
ND12.5	S91.7
ND12.6	S91.1
ND12.60	S91.1
ND12.61	S91.1
ND12.62	S91.1
ND12.63	S91.1
ND12.64	S91.1
ND12.6Y	S91.1
ND12.6Z	S91.1
ND12.Y	S91
ND12.Z	S91
ND13	S92
ND13.0	S92.0
ND13.1	S92.1
ND13.2	S92.2
ND13.3	S92.3
ND13.4	S92.4
ND13.5	S92.5
ND13.6	S92.7
ND13.7	S92
ND13.8	S92
ND13.9	S92
ND13.A	S92
ND13.B	S92
ND13.Y	S92
ND13.Z	S92
ND14	S93
ND14.0	S93.0
ND14.1	S93.1
ND14.10	S93.1
ND14.11	S93.1
ND14.1Z	S93.1
ND14.2	S93
ND14.20	S93
ND14.21	S93
ND14.2Y	S93
ND14.2Z	S93
ND14.3	S93
ND14.4	S93
ND14.5	S93.2
ND14.6	S93.3
ND14.7	S93.4
ND14.70	S93.4
ND14.71	S93.4
ND14.72	S93.4
ND14.73	S93.4
ND14.7Z	S93.4
ND14.8	S93.5
ND14.80	S93.5
ND14.81	S93.5
ND14.8Y	S93.5
ND14.8Z	S93.5
ND14.9	S93
ND14.90	S93
ND14.91	S93
ND14.9Z	S93
ND14.A	S93.6
ND14.Y	S93
ND14.Z	S93
ND15	S94
ND15.0	S94.0
ND15.1	S94.1
ND15.2	S94.2
ND15.3	S94.3
ND15.4	S94.7
ND15.Y	S94.8
ND15.Z	S94
ND16	S95
ND16.0	S95.0
ND16.00	S95.0
ND16.0Y	S95.0
ND16.0Z	S95.0
ND16.1	S95.1
ND16.10	S95.1
ND16.1Y	S95.1
ND16.1Z	S95.1
ND16.2	S95.2
ND16.20	S95.2
ND16.2Y	S95.2
ND16.2Z	S95.2
ND16.3	S95.7
ND16.Y	S95.8
ND16.Z	S95
ND17	S96
ND17.0	S96.0
ND17.00	S96.0
ND17.01	S96.0
ND17.0Y	S96.0
ND17.0Z	S96.0
ND17.1	S96.1
ND17.10	S96.1
ND17.11	S96.1
ND17.1Y	S96.1
ND17.1Z	S96.1
ND17.2	S96.2
ND17.20	S96.2
ND17.21	S96.2
ND17.2Y	S96.2
ND17.2Z	S96.2
ND17.3	S96.7
ND17.Y	S96.8
ND17.Z	S96
ND18	S97
ND18.0	S97.0
ND18.1	S97.1
ND18.2	S97.8
ND18.Z	S97
ND19	S98
ND19.0	S98.0
ND19.1	S98
ND19.2	S98
ND19.3	S98
ND19.4	S98
ND19.5	S98
ND19.6	S98.1
ND19.7	S98.2
ND19.8	S98.3
ND19.Z	S98
ND1A	S99.7
ND30	T00.9
ND31	T01
ND32	T02
ND33	T03
ND34	T04
ND35	T05
ND36	T06
ND37	T07
ND50	T08
ND51	T09
ND51.0	T09.2
ND51.1	T09.4
ND51.2	T09
ND51.3	T09.5
ND51.4	T09
ND51.Y	T09.8
ND51.Z	T09
ND52	T10
ND53	T11
ND53.0	T11
ND53.Y	T11.8
ND54	T12
ND55	T13
ND56	T14
ND56.0	T14.0
ND56.1	T14.1
ND56.2	T14.2
ND56.3	T14.3
ND56.4	T14.4
ND56.5	T14.5
ND56.6	T14.6
ND56.7	T14
ND56.8	T14.7
ND56.9	T14
ND56.Y	T14.8
ND56.Z	T14
ND70	T15
ND70.0	T15.0
ND70.1	T15.1
ND70.2	T15.8
ND70.Y	T15.8
ND70.Z	T15
ND71	T16
ND72	T17
ND72.0	T17.0
ND72.1	T17.1
ND72.2	T17.2
ND72.20	T17.2
ND72.2Y	T17.2
ND72.2Z	T17.2
ND72.3	T17.3
ND72.4	T17.4
ND72.5	T17.5
ND72.6	T17.8
ND72.Y	T17.8
ND72.Z	T17
ND73	T18
ND73.0	T18.0
ND73.1	T18.1
ND73.2	T18.2
ND73.20	T18.2
ND73.2Y	T18.2
ND73.2Z	T18.2
ND73.3	T18.3
ND73.4	T18.4
ND73.5	T18.5
ND73.Y	T18.8
ND73.Z	T18
ND74	T19
ND74.0	T19.0
ND74.1	T19.1
ND74.2	T19.2
ND74.3	T19.3
ND74.Y	T19.8
ND74.Z	T19
ND90	T20
ND90.0	T20
ND90.1	T20
ND90.2	T20
ND90.3	T20.3
ND90.4	T20
ND90.Z	T20
ND92	T21
ND92.0	T21
ND92.00	T21
ND92.01	T21
ND92.02	T21
ND92.03	T21
ND92.0Y	T21
ND92.0Z	T21
ND92.1	T21
ND92.2	T21
ND92.3	T21
ND92.4	T21
ND92.Z	T21
ND94	T22
ND94.0	T22
ND94.1	T22
ND94.10	T22
ND94.1Y	T22
ND94.1Z	T22
ND94.2	T22
ND94.20	T22
ND94.2Y	T22
ND94.2Z	T22
ND94.3	T22.3
ND94.4	T22
ND94.Z	T22
ND95	T23
ND95.0	T23
ND95.1	T23
ND95.2	T23
ND95.3	T23.3
ND95.4	T23
ND95.Z	T23
ND96	T24
ND96.0	T24
ND96.1	T24
ND96.2	T24
ND96.3	T24.3
ND96.4	T24
ND96.Z	T24
ND97	T25
ND97.0	T25
ND97.1	T25
ND97.2	T25
ND97.3	T25.3
ND97.4	T25
ND97.Z	T25
NE00	T26
NE01	T27
NE02	T28
NE10	T29
NE11	T30
NE40	T33
NE41	T34
NE61	T65.8
NE80	T80
NE80.0	T80.0
NE80.1	T80.3
NE80.2	T80.4
NE80.3	T80.6
NE80.Y	T80.8
NE80.Z	T80
NE81	T81
NE81.0	T81.0
NE81.00	T81.0
NE81.01	T81.0
NE81.0Z	T81.0
NE81.1	T81.3
NE81.2	T81.4
NE81.20	T81.4
NE81.21	T81.4
NE81.22	T81.4
NE81.2Y	T81.4
NE81.2Z	T81.4
NE81.3	T81
NE81.Y	T81.8
NE81.Z	T81
NE82	T82.1
NE82.0	T82.1
NE82.00	T82.1
NE82.01	T82.1
NE82.02	T82.1
NE82.03	T82.1
NE82.0Y	T82.1
NE82.0Z	T82.1
NE82.1	T82.1
NE82.10	T82.1
NE82.11	T82.1
NE82.12	T82.1
NE82.1Y	T82.1
NE82.1Z	T82.1
NE82.2	T82.1
NE82.20	T82.1
NE82.21	T82.1
NE82.22	T82.1
NE82.2Y	T82.1
NE82.2Z	T82.1
NE82.3	T82.1
NE82.Y	T82.1
NE82.Z	T82.1
NE83	T88.9
NE83.0	T88.9
NE83.1	T85.7
NE83.Y	T88.9
NE84	T86
NE85	T87
NE85.0	T87.0
NE85.1	T87.1
NE85.2	T87.2
NE85.3	T87.3
NE85.4	T87.4
NE85.5	T87.5
NE85.6	T87.6
NE86	T88.3
NE87	T88.4
NE88	T88.8
NE89	T88.8
NE8Y	T88.9
NE8Z	T88.9
NF00	T66
NF01	T67
NF01.0	T67.0
NF01.1	T67.1
NF01.2	T67.3
NF01.3	T67.6
NF01.Y	T67.8
NF01.Z	T67
NF02	T68
NF03	T69
NF03.0	T69.1
NF03.1	T69.0
NF03.Y	T69.8
NF03.Z	T69
NF04	T70
NF04.0	T70.0
NF04.1	T70.1
NF04.2	T70.3
NF04.3	T70.4
NF04.Y	T70.8
NF04.Z	T70
NF05	T71
NF07	T73
NF07.0	T73.0
NF07.1	T73.1
NF07.2	T73.2
NF07.Y	T73.8
NF07.Z	T73
NF08	T75
NF08.0	T75.0
NF08.1	T75.1
NF08.2	T75.2
NF08.20	T75.2
NF08.2Y	T75.2
NF08.2Z	T75.2
NF08.3	T75.3
NF08.4	T75.4
NF09	T78.9
NF0A	T79
NF0A.0	T79.0
NF0A.1	T79.1
NF0A.2	T79.2
NF0A.3	T79.3
NF0A.4	T79.4
NF0A.5	T79.5
NF0A.6	T79.6
NF0A.7	T79.7
NF0A.Y	T79.8
NF0A.Z	T79
PA08	V82
PA0A	V84
PA0B	V83
PA0C	V85
PA0D	V86
PA15	V79
PA1A	V84.9
PA1B	V83.9
PA1C	V85.9
PA1D	V86.9
PA20	V09.9
PA2E	V80.9
PA2F	V80.9
PA40.0	V92
PA40.1	V93
PA41.0	V90
PA70	W51
PA75	W55
PA80.0	W32
PA80.1	W33
PA81	W20
PA82	W22
PA83	W27
PA83.0	W26.0
PA83.1	W25
PA83.2	W26
PA84	W27
PA85	W23
PA92	W16
PB01	W76
PB02	W76
PB04	W78
PB05	W78
PB07	W80
PB08	W81
PB15	W92
PB16	W93
PB23	X42
PB24	X40
PB27	X41
PB28	X44
PB30	X45
PB32	X47
PB33	X48
PB36	X49
PB50	W44
PB52	X32
PB53	W91
PB54	W94
PB56	X50
PB57	X53
PB58	X54
PB5A	Y06
PB5B	Y06
PB82	X81
PC31	X80
PC50.0	X72
PC50.1	X73
PC53	X78
PC53.0	X78
PC53.1	X78
PC53.Y	X78
PC53.Z	X78
PC54	X79
PC60	X71
PC70	X70
PC71	X70
PC72	X70
PC84	X77
PC92	X62
PC94	X60
PC97	X61
PD00	X65
PD02	X67
PD03	X68
PD05	X69
PD52	Y03
PE01	Y01
PE10	Y04
PE11	Y04
PE12	Y04
PE13	Y04
PE14	Y04
PE15	Y04
PE16	Y04
PE17	Y04
PE18	Y04
PE19	Y04
PE1Y	Y04
PE1Z	Y04
PE20.0	X93
PE20.1	X94
PE21	Y02
PE30	X99
PE31	X99
PE3Z	X99
PE40	Y00
PE50	X92
PE51	X92
PE52	X92
PE53	X92
PE5Y	X92
PE5Z	X92
PE61	X91
PE74	X98
PE80	X85
PE81	X85
PE82	X85
PE83	X85
PE84	X85
PE85	X85
PE86	X85
PE87	X85
PE88	X85
PE89	X85
PE8Y	X85
PE8Z	X85
PE93	X87
PE94	X86
PF40	Y32
PF41	Y32
PF42	Y32
PF43	Y32
PF44	Y32
PF45	Y32
PF46	Y32
PF47	Y32
PF48	Y32
PF49	Y32
PF4A	Y32
PF4B	Y32
PF4C	Y32
PF4D	Y32
PF4E	Y32
PF4F	Y32
PF4Y	Y32
PF4Z	Y32
PF50	Y32
PF51	Y32
PF52	Y32
PF53	Y32
PF54	Y32
PF55	Y32
PF56	Y32
PF57	Y32
PF58	Y32
PF59	Y32
PF5A	Y32
PF5B	Y32
PF5C	Y32
PF5D	Y32
PF5E	Y32
PF5F	Y32
PF5Y	Y32
PF5Z	Y32
PF60	Y32
PF61	Y32
PF62	Y32
PF63	Y32
PF64	Y32
PF65	Y32
PF66	Y32
PF67	Y32
PF68	Y32
PF69	Y32
PF6A	Y32
PF6B	Y32
PF6C	Y32
PF6D	Y32
PF6E	Y32
PF6F	Y32
PF6Y	Y32
PF6Z	Y32
PF70	Y32
PF71	Y32
PF7Z	Y32
PF80	Y32
PF8Y	Y32
PF8Z	Y32
PF90	Y32
PF9Y	Y32
PF9Z	Y32
PG1Z	Y32
PG20	Y32
PG21	Y32
PG2Z	Y32
PG4Y	Y32
PG4Z	Y32
PG51	Y30
PG60	W50
PG64	W50
PG66	W50
PG70	Y22
PG71	Y23
PH00	Y29
PH10	Y21
PH11	Y21
PH12	Y21
PH13	Y21
PH1Z	Y21
PH21	Y20
PH22	Y20
PH23	Y20
PH34	Y27
PH44	Y10
PH45	Y12
PH46	Y12
PH47	Y11
PH47.0	Y11
PH47.Z	Y11
PH48	Y14
PH50	Y15
PH52	Y19
PH53	Y18
PH56	Y19
PJ00	X33
PJ01	X34
PJ02	X34.0
PJ03	X34.1
PJ04	X35
PJ05	X36
PJ06	X37
PJ07	X38
PJ20	T74.1
PJ21	T74.2
PJ22	Y06
PJ40	Y35.0
PJ41	Y35
PJ42	Y35.3
PJ43	Y35.4
PJ44	Y35
PJ45	Y35.1
PJ46	Y35.2
PJ47	Y35
PJ4Y	Y35
PJ4Z	Y35
PJ60	Y36.0
PJ61	Y36.0
PJ62	Y36.0
PJ6Y	Y36.0
PJ6Z	Y36.0
PJ70	Y36.1
PJ71	Y36.1
PJ7Y	Y36.1
PJ7Z	Y36.1
PJ80	Y36.2
PJ81	Y36.2
PJ82	Y36.2
PJ83	Y36.2
PJ8Y	Y36.2
PJ8Z	Y36.2
PJ90	Y36.3
PJ91	Y36.3
PJ92	Y36.3
PJ9Y	Y36.3
PJ9Z	Y36.3
PK00	Y36.4
PK01	Y36.4
PK02	Y36.4
PK03	Y36.4
PK04	Y36.4
PK0Y	Y36.4
PK0Z	Y36.4
PK10	Y36.5
PK11	Y36.5
PK1Y	Y36.5
PK1Z	Y36.5
PK20	Y36.6
PK2Y	Y36.6
PK2Z	Y36.6
PK30	Y36.7
PK31	Y36.7
PK32	Y36.7
PK33	Y36.7
PK3Y	Y36.7
PK3Z	Y36.7
PK40	Y36.8
PK41	Y36.8
PK4Z	Y36.8
PK6Y	Y36.9
PK6Z	Y36.9
PK81.2	Y84.4
PK81.6	Y84.1
PK81.C	Y84.2
PK90	Y70
PK90.0	Y70.0
PK90.1	Y70.1
PK90.2	Y70.2
PK90.3	Y70.3
PK90.4	Y70.8
PK90.Y	Y70.8
PK90.Z	Y70
PK91	Y71
PK91.0	Y71.0
PK91.1	Y71.1
PK91.10	Y71.1
PK91.11	Y71.1
PK91.12	Y71.1
PK91.13	Y71.1
PK91.14	Y71.1
PK91.15	Y71.1
PK91.16	Y71.1
PK91.1Y	Y71.1
PK91.1Z	Y71.1
PK91.2	Y71.2
PK91.20	Y71.2
PK91.21	Y71.2
PK91.22	Y71.2
PK91.2Y	Y71.2
PK91.2Z	Y71.2
PK91.3	Y71.3
PK91.4	Y71.8
PK91.Y	Y71.8
PK91.Z	Y71
PK92	Y72
PK92.0	Y72.0
PK92.1	Y72.1
PK92.2	Y72.2
PK92.3	Y72.3
PK92.4	Y72.8
PK92.Y	Y72.8
PK92.Z	Y72
PK93	Y73
PK93.0	Y73.0
PK93.1	Y73.1
PK93.10	Y84.6
PK93.1Y	Y73.1
PK93.1Z	Y73.1
PK93.2	Y73.2
PK93.3	Y73.3
PK93.4	Y73.8
PK93.Y	Y73.8
PK93.Z	Y73
PK94	Y74
PK94.0	Y74.0
PK94.1	Y74.1
PK94.2	Y74.2
PK94.3	Y74.3
PK94.4	Y74.8
PK94.Y	Y74.8
PK94.Z	Y74
PK95	Y75
PK95.0	Y75.0
PK95.1	Y75.1
PK95.2	Y75.2
PK95.20	Y75.2
PK95.2Y	Y75.2
PK95.2Z	Y75.2
PK95.3	Y75.3
PK95.4	Y75.8
PK95.Y	Y75.8
PK95.Z	Y75
PK96	Y76
PK96.0	Y76.0
PK96.1	Y76.1
PK96.2	Y76.2
PK96.3	Y76.3
PK96.4	Y76.8
PK96.Y	Y76.8
PK96.Z	Y76
PK97	Y77
PK97.0	Y77.0
PK97.1	Y77.1
PK97.2	Y77.2
PK97.3	Y77.3
PK97.4	Y77.8
PK97.Y	Y77.8
PK97.Z	Y77
PK98	Y78
PK98.0	Y78.0
PK98.1	Y78.1
PK98.2	Y78.2
PK98.3	Y78.3
PK98.4	Y78.8
PK98.Y	Y78.8
PK98.Z	Y78
PK99	Y79
PK99.0	Y79.0
PK99.1	Y79.1
PK99.2	T84.0
PK99.3	Y79.3
PK99.4	Y79.8
PK99.Y	Y79.8
PK99.Z	Y79
PK9A	Y80
PK9A.0	Y80.0
PK9A.1	Y80.1
PK9A.2	Y80.2
PK9A.20	Y80.2
PK9A.21	Y80.2
PK9A.22	Y80.2
PK9A.23	Y80.2
PK9A.24	Y80.2
PK9A.2Y	Y80.2
PK9A.2Z	Y80.2
PK9A.3	Y80.3
PK9A.4	Y80.8
PK9A.Y	Y80.8
PK9A.Z	Y80
PK9B	Y81
PK9B.0	Y81.0
PK9B.1	Y81.1
PK9B.2	Y81.2
PK9B.3	Y81.3
PK9B.4	Y81.8
PK9B.Y	Y81.8
PK9B.Z	Y81
PK9C	Y82
PK9C.0	Y82.0
PK9C.1	Y82.1
PK9C.2	Y82.2
PK9C.3	Y82.3
PK9C.30	Y82.3
PK9C.31	Y82.3
PK9C.3Y	Y82.3
PK9C.3Z	Y82.3
PK9C.4	Y82.8
PL11.0	Y60.9
PL11.3	Y61.9
PL11.4	Y62
PL13.0	Y63.0
PL14.0	Y63.6
PL14.3	Y65.0
QA00	Z00
QA00.0	Z00.0
QA00.1	Z00.1
QA00.2	Z00
QA00.3	Z00.4
QA00.4	Z00.5
QA00.5	Z00.6
QA00.6	Z01.0
QA00.61	Z01.0
QA00.62	H54.3
QA00.6Y	Z01.0
QA00.6Z	Z01.0
QA00.7	Z01.1
QA00.8	Z01.2
QA00.9	Z01.4
QA00.A	Z01.5
QA00.B	Z01.6
QA00.C	Z01.7
QA00.D	Z00
QA00.E	Z00
QA00.Y	Z00.8
QA00.Z	Z00
QA01	Z02
QA01.0	Z02.0
QA01.1	Z02.1
QA01.2	Z02.2
QA01.3	Z02.3
QA01.4	Z02.4
QA01.5	Z02.5
QA01.6	Z02.6
QA01.7	Z02.7
QA01.8	Z02
QA01.Y	Z02.8
QA01.Z	Z02
QA02	Z03
QA02.0	Z03.0
QA02.1	Z03
QA02.2	Z03.1
QA02.3	Z03.2
QA02.4	Z03.3
QA02.5	Z03.6
QA02.6	Z03
QA02.7	Z03
QA02.8	Z03
QA02.Y	Z03.8
QA03	Z10
QA03.0	Z10.0
QA03.1	Z10.1
QA03.2	Z10.2
QA03.3	Z10.3
QA03.Y	Z10.8
QA03.Z	Z10
QA04	Z04
QA04.0	Z04.0
QA04.1	Z04
QA04.2	Z04.1
QA04.3	Z04.2
QA04.4	Z04.3
QA04.5	Z04
QA04.50	Z04
QA04.51	Z04.4
QA04.52	Z04
QA04.53	Z04
QA04.5Y	Z04
QA04.5Z	Z04
QA04.6	Z04.6
QA04.7	Z04
QA04.Y	Z04.8
QA04.Z	Z04
QA05	Z71.2
QA06	Z08
QA07	Z09
QA07.0	Z09
QA07.Y	Z09.8
QA07.Z	Z09
QA08	Z11
QA08.0	Z11.0
QA08.1	Z11.1
QA08.2	Z11.2
QA08.3	Z11.3
QA08.4	Z11.4
QA08.5	Z11.5
QA08.6	Z11.6
QA08.Y	Z11.8
QA08.Z	Z11
QA09	Z12
QA09.0	Z12.0
QA09.1	Z12.1
QA09.2	Z12.2
QA09.3	Z12.3
QA09.4	Z12.4
QA09.5	Z12.5
QA09.6	Z12.6
QA09.7	Z12
QA09.Y	Z12.8
QA09.Z	Z12
QA0A	Z13
QA0A.0	Z13.0
QA0A.1	Z13
QA0A.10	Z13.1
QA0A.1Y	Z13
QA0A.1Z	Z13
QA0A.2	Z13.2
QA0A.3	Z13.3
QA0A.4	Z13.4
QA0A.5	Z13.5
QA0A.6	Z13.6
QA0A.7	Z13
QA0A.Y	Z13.8
QA0A.Z	Z13
QA10	Z71.3
QA11	Z71.4
QA12	Z71.5
QA13	Z71.6
QA14	Z71.7
QA15	Z70
QA15.0	Z70.0
QA15.1	Z70.1
QA15.2	Z70.2
QA15.3	Z70.3
QA15.Y	Z70.8
QA15.Z	Z70
QA16	Z71.8
QA17	Z71.8
QA18	Z71.8
QA19	Z71.8
QA1A	Z71.8
QA1B	Z71.1
QA1C	Z71.1
QA20	Z71.1
QA21	Z30
QA21.0	Z30
QA21.1	Z30.0
QA21.2	Z30.1
QA21.3	Z30.2
QA21.4	Z30.3
QA21.5	Z30.4
QA21.6	Z30.5
QA21.60	Z30.5
QA21.6Y	Z30.5
QA21.6Z	Z30.5
QA21.Y	Z30.8
QA21.Z	Z30
QA30	Z31
QA30.0	Z31.1
QA30.00	Z31.1
QA30.01	Z31.1
QA30.02	Z31.1
QA30.0Y	Z31.1
QA30.0Z	Z31.1
QA30.1	Z31
QA30.10	Z31.2
QA30.11	Z31
QA30.12	Z31
QA30.13	Z31
QA30.14	Z31
QA30.15	Z31
QA30.1Y	Z31
QA30.1Z	Z31
QA30.2	Z31.3
QA30.20	Z31.3
QA30.21	Z31.3
QA30.22	Z31.3
QA30.2Y	Z31.3
QA30.2Z	Z31.3
QA30.Y	Z31
QA30.Z	Z31
QA31	Z31.5
QA32	Z31.0
QA33	Z31
QA34	Z31
QA35	Z31
QA3Y	Z31.8
QA3Z	Z31
QA40	Z32
QA41	Z33
QA42	Z34
QA42.0	Z34.0
QA42.Y	Z34.8
QA42.Z	Z34
QA43	Z35
QA43.0	Z35.0
QA43.1	Z35.1
QA43.2	Z35.2
QA43.3	Z35.3
QA43.30	Z35.3
QA43.3Y	Z35.3
QA43.3Z	Z35.3
QA43.4	Z35.5
QA43.5	Z35.6
QA43.6	Z35.7
QA43.Y	Z35.8
QA43.Z	Z35
QA45	Z36
QA45.0	Z36.0
QA45.1	Z36.1
QA45.Y	Z36.8
QA45.Z	Z36
QA46	Z37
QA46.0	Z37.0
QA46.1	Z37.1
QA46.2	Z37.2
QA46.3	Z37.3
QA46.4	Z37.4
QA46.5	Z37
QA46.6	Z37
QA46.7	Z37
QA46.8	Z37
QA46.9	Z37
QA46.A	Z37
QA46.B	Z37
QA46.C	Z37
QA46.D	Z37
QA46.E	Z37
QA46.F	Z37
QA46.G	Z37
QA46.H	Z37.5
QA46.J	Z37.6
QA46.K	Z37.7
QA46.Z	Z37
QA47	Z38
QA47.0	Z38.0
QA47.00	Z38.0
QA47.01	Z38.0
QA47.0Y	Z38.0
QA47.0Z	Z38.0
QA47.1	Z38.1
QA47.2	Z38.2
QA47.3	Z38.3
QA47.30	Z38.3
QA47.31	Z38.3
QA47.3Y	Z38.3
QA47.3Z	Z38.3
QA47.4	Z38.4
QA47.5	Z38.5
QA47.6	Z38.6
QA47.60	Z38.6
QA47.61	Z38.6
QA47.6Y	Z38.6
QA47.6Z	Z38.6
QA47.7	Z38.7
QA47.8	Z38
QA47.Z	Z38
QA48	Z39
QA48.0	Z39.0
QA48.1	Z39.1
QA48.2	Z39.2
QA48.Y	Z39
QA48.Z	Z39
QA49	Z64.0
QA4A	Z64.1
QB10	Z75.0
QB11	Z75.1
QB12	Z75.2
QB12.0	Z75.2
QB12.Y	Z75.2
QB12.Z	Z75.2
QB13	Z75.4
QB14	Z75.3
QB15	Z75
QB16	Z75.5
QB1Y	Z75.8
QB1Z	Z75
QB20	Z52.0
QB21	Z52.3
QB22	Z52.4
QB23	Z52.5
QB24	Z52.6
QB25	Z52.7
QB2Y	Z52.8
QB2Z	Z52
QB30	Z45
QB30.0	Z45.3
QB30.00	Z45.3
QB30.01	Z45.3
QB30.0Y	Z45.3
QB30.0Z	Z45.3
QB30.1	Z45.1
QB30.2	Z45.0
QB30.20	Z45.0
QB30.21	Z45.0
QB30.22	Z45.0
QB30.23	Z45.0
QB30.2Y	Z45.0
QB30.2Z	Z45.0
QB30.3	Z45.2
QB30.4	Z45
QB30.5	Z46.6
QB30.6	Z45
QB30.7	Z45
QB30.8	Z46.2
QB30.9	Z46.2
QB30.A	Z46.2
QB30.Y	Z45.8
QB30.Z	Z45
QB31	Z46
QB31.0	Z44
QB31.00	Z44.0
QB31.01	Z44.1
QB31.02	Z44.2
QB31.03	Z44.3
QB31.0Y	Z44.8
QB31.0Z	Z44
QB31.1	Z46.7
QB31.2	Z46.4
QB31.3	Z46.3
QB31.4	Z46.1
QB31.5	Z46.0
QB31.Y	Z46
QB31.Z	Z46
QB3Z	Z46
QB40	Z99.0
QB41	Z99.1
QB42	Z99.2
QB43	Z99
QB44	Z99.3
QB4Y	Z99.8
QB4Z	Z99
QB50	Z95
QB50.0	Z95.0
QB50.00	Z95.0
QB50.01	Z95.0
QB50.02	Z95.0
QB50.03	Z95.0
QB50.0Y	Z95.0
QB50.0Z	Z95.0
QB50.1	Z95.1
QB50.2	Z95.2
QB50.21	Z95.2
QB50.24	Z95.3
QB50.2Y	Z95.2
QB50.2Z	Z95.2
QB50.4	Z95.5
QB50.Y	Z95.8
QB50.Z	Z95
QB51	Z96
QB51.0	Z96
QB51.1	Z96.0
QB51.2	Z96.1
QB51.3	Z96.2
QB51.4	Z96.3
QB51.5	Z96.4
QB51.6	Z96.5
QB51.7	Z96.6
QB51.8	Z97.0
QB51.9	Z97.1
QB51.A	Z97.2
QB51.B	Z97.4
QB51.C	Z97.5
QB51.D	Z98.2
QB51.Y	Z96.8
QB60	Z98.1
QB61	Z93
QB61.0	Z93.0
QB61.1	Z93
QB61.2	Z93.1
QB61.3	Z93
QB61.30	Z93.2
QB61.3Y	Z93
QB61.3Z	Z93
QB61.4	Z93.3
QB61.5	Z93.5
QB61.6	Z93.6
QB61.7	Z93.6
QB61.8	Z93.6
QB61.Y	Z93.8
QB61.Z	Z93
QB62	Z43
QB62.0	Z43.0
QB62.1	Z43.1
QB62.2	Z43.2
QB62.3	Z43.3
QB62.4	Z43.5
QB62.5	Z43.7
QB62.6	Z43.6
QB62.7	Z43.6
QB62.8	Z43.6
QB62.Y	Z43.8
QB62.Z	Z43
QB63	Z94
QB63.0	Z94.0
QB63.1	Z94.1
QB63.2	Z94.2
QB63.3	Z94.4
QB63.4	Z94.5
QB63.5	Z94.6
QB63.6	Z94
QB63.7	Z94
QB63.8	Z94
QB63.9	Z94.7
QB63.Y	Z94.8
QB63.Z	Z94
QB6Y	Z98.8
QB6Z	Z98
QB70	Z54.2
QB71	Z54.3
QB72	Z54.4
QB73	Z54.7
QB7Y	Z54.8
QB7Z	Z54
QB80	Z40
QB80.0	Z40.0
QB80.Y	Z40.8
QB80.Z	Z40
QB82	Z41.2
QB83	Z42
QB84	Z47.0
QB85	Z48.0
QB86	Z41.0
QB90	Z41.3
QB92	Z76.0
QB93	Z51.8
QB94	Z49
QB94.0	Z49.0
QB94.1	Z49.1
QB94.2	Z49.2
QB94.Y	Z49
QB94.Z	Z49
QB95	Z50
QB95.0	Z50.0
QB95.1	Z50.1
QB95.2	Z50.2
QB95.3	Z50.3
QB95.4	Z50.4
QB95.5	Z50.5
QB95.6	Z50.6
QB95.7	Z50.7
QB95.8	Z50
QB95.Y	Z50.8
QB95.Z	Z50
QB96	Z51.0
QB97	Z51.1
QB98	Z51.3
QB99	Z51.8
QB9A	Z51.4
QB9B	Z51.5
QB9C	Z51.6
QC00	Z23
QC00.0	Z23.0
QC00.1	Z23.1
QC00.2	Z23.2
QC00.3	Z23.3
QC00.4	Z23.4
QC00.5	Z23.5
QC00.6	Z23.6
QC00.7	Z23.7
QC00.Y	Z23.8
QC00.Z	Z23
QC01	Z24
QC01.0	Z24.0
QC01.1	Z24.1
QC01.2	Z24.2
QC01.3	Z24.3
QC01.4	Z24.4
QC01.5	Z24.5
QC01.6	Z24.6
QC01.7	Z25.0
QC01.8	Z25.1
QC01.9	U11
QC01.Y	Z24
QC01.Z	Z24
QC02	Z26
QC02.0	Z26.0
QC02.Y	Z26.8
QC02.Z	Z26
QC03	Z27
QC03.0	Z27.0
QC03.1	Z27.1
QC03.2	Z27.2
QC03.3	Z27.3
QC03.4	Z27.4
QC03.Y	Z27.8
QC03.Z	Z27
QC04	Z28
QC04.0	Z28
QC04.1	Z28
QC04.2	Z28
QC04.3	Z28
QC04.4	Z28
QC04.5	Z28
QC04.6	Z28
QC04.7	Z28
QC04.Y	Z28.8
QC04.Z	Z28
QC05	Z29
QC05.0	Z29.0
QC05.1	Z29.1
QC05.Y	Z29.8
QC05.Z	Z29
QC10	Z53.0
QC11	Z53.1
QC12	Z53.2
QC1Y	Z53.8
QC1Z	Z53
QC20	Z71.0
QC20.0	Z76.8
QC20.1	Z76.8
QC20.Y	Z71.0
QC20.Z	Z71.0
QC21	Z76.3
QC22	Z76.1
QC30	Z76.5
QC40	Z85
QC40.0	Z85.0
QC40.1	Z85.1
QC40.2	Z85.2
QC40.3	Z85.3
QC40.4	Z85.4
QC40.5	Z85.5
QC40.6	Z85.6
QC40.7	Z85.7
QC40.Y	Z85.8
QC40.Z	Z85
QC41	Z86.0
QC42	Z86.1
QC42.0	U08.9
QC42.Y	Z86.1
QC42.Z	Z86.1
QC43	Z86.2
QC44.2	Z88
QC44.3	Z91.0
QC45	Z86.3
QC46	Z86.5
QC47	Z86.6
QC48	Z92
QC48.0	Z92.1
QC48.Y	Z92.8
QC48.Z	Z92
QC49	Z91.1
QC4A	Z91.2
QC4B	Z91.5
QC60	Z84
QC61	Z80
QC61.0	Z80.0
QC61.1	Z80.1
QC61.2	Z80.2
QC61.3	Z80.3
QC61.4	Z80.4
QC61.5	Z80.5
QC61.6	Z80.6
QC61.7	Z80.7
QC61.Y	Z80.8
QC61.Z	Z80
QC62	Z83.2
QC63	Z84
QC64	Z83.4
QC64.0	Z83.3
QC64.Y	Z83.4
QC64.Z	Z83.4
QC65	Z81
QC66	Z83.5
QC67	Z82.4
QC68	Z84.3
QC69	Z82.3
QC6Y	Z84.8
QC6Z	Z84
QC90	Z20
QC90.0	Z20.0
QC90.00	Z20.0
QC90.0Y	Z20.0
QC90.0Z	Z20.0
QC90.1	Z20.1
QC90.2	Z20.2
QC90.3	Z20.3
QC90.4	Z20.4
QC90.5	Z20.5
QC90.6	Z20.6
QC90.7	Z20.7
QC90.Y	Z20.8
QC90.Z	Z20
QD00	Z22.0
QD01	Z22.1
QD01.0	Z22.1
QD01.Y	Z22.1
QD01.Z	Z22.1
QD02	Z22.2
QD03	Z22.4
QD04	Z22
QD0Y	Z22.8
QD0Z	Z22
QD30	Z76.8
QD31	Z76.8
QD3Y	Z76.8
QD3Z	Z76.8
QD50	Z59.5
QD51	Z59.6
QD5Y	Z59.8
QD5Z	Z59
QD60	Z58.6
QD61	Z59.4
QD70	Z58
QD70.0	Z58.0
QD70.1	Z58.1
QD70.2	Z58.2
QD70.3	Z58.3
QD70.4	Z58.4
QD70.5	Z58.7
QD70.6	Z58
QD70.Z	Z58
QD71	Z59
QD71.0	Z59.0
QD71.1	Z59.1
QD71.2	Z59.3
QD71.Z	Z59
QD80	Z56.0
QD81	Z56.1
QD82	Z56.2
QD83	Z56
QD83.0	Z56.5
QD83.1	Z56.3
QD83.Y	Z56
QD83.Z	Z56
QD84	Z57
QD84.0	Z57.2
QD84.1	Z57.4
QD84.2	Z57.5
QD84.3	Z57.7
QD84.4	Z57
QD84.Y	Z57.8
QD84.Z	Z57
QD85	Z73.0
QD8Y	Z56
QD8Z	Z56
QD90	Z55.0
QD91	Z55.1
QD92	Z55.2
QD9Y	Z55.8
QD9Z	Z55
QE00	Z60.3
QE01	Z73.3
QE02	Z73.5
QE03	Z60.4
QE04	Z60.5
QE0Y	Z60.8
QE0Z	Z60
QE10	Z72.1
QE11	Z72.2
QE11.0	Z72.2
QE11.1	Z72.2
QE11.2	Z72.2
QE11.3	Z72.2
QE11.4	Z72.2
QE11.5	Z72.2
QE11.6	Z72.2
QE11.7	Z72.2
QE11.8	Z72.2
QE11.9	Z72.2
QE11.Y	Z72.2
QE11.Z	Z72.2
QE12	Z64.2
QE13	Z72.0
QE1Y	Z64.2
QE1Z	Z64.2
QE20	Z72.3
QE21	Z72.6
QE22	Z64.3
QE23	Z72.4
QE24	Z72
QE25	Z72
QE26	Z64.3
QE27	Z72
QE28	Z72
QE2Y	Z72.8
QE2Z	Z72
QE30	Z59.7
QE30.0	Z59.7
QE30.1	Z59.7
QE30.2	Z59.7
QE30.3	Z59.7
QE30.Z	Z59.7
QE31	Z59.7
QE31.0	Z59.7
QE31.1	Z59.7
QE31.2	Z59.7
QE31.3	Z59.7
QE31.Z	Z59.7
QE3Y	Z59.8
QE3Z	Z59
QE40	Z65.0
QE41	Z65.1
QE42	Z65.2
QE4Y	Z65.8
QE4Z	Z65
QE50	Z60
QE50.0	Z60.8
QE50.1	Z55.4
QE50.10	Z55.4
QE50.1Y	Z55.4
QE50.1Z	Z55.4
QE50.2	Z56.4
QE50.3	Z59.2
QE50.4	Z63.1
QE50.5	Z64.4
QE50.6	Z73.4
QE50.7	Z73.1
QE50.Y	Z60.8
QE51	Z63.0
QE51.0	Z63.0
QE51.1	Z63.0
QE51.Y	Z63.0
QE51.Z	Z63.0
QE52	Z61
QE52.0	Z61
QE52.1	Z61.0
QE52.Y	Z61.8
QE52.Z	Z61
QE60	Z63.3
QE61	Z63.4
QE61.0	Z63.4
QE61.Y	Z63.4
QE70.0	Z63.2
QE70.1	Z63.5
QE70.2	Z63.6
QE80	Z65.4
QE81	Z65.5
QE82	Z87.8
QE82.0	Z87.8
QE82.1	Z87.8
QE82.3	Z87.8
QE82.Y	Z87.8
QE82.Z	Z87.8
QE83	Z61.7
QE84	F43.0
QE90	Z62.0
QE91	Z62.1
QE92	Z61.2
QE93	Z61.1
QE94	Z62.2
QE95	Z62.6
QE96	Z61.3
QE9Y	Z62.8
QE9Z	Z62
QF00	Z89
QF01	Z90
QF01.0	Z90.1
QF01.1	Z90.7
QF01.10	Z90.7
QF01.11	Z90.7
QF01.Y	Z90.8
QF01.Z	Z90
QF10	Z73.6
QF20	Z74
QF21	Z60.0
QF22	Z74
QF23	Z74.0
QF24	Z74.1
QF25	Z74
QF26	Z74.2
QF27	Z74
QF28	Z74
QF29	Z74.2
QF2A	Z74
QF2B	Z74.3
QF2Y	Z74.8
QF2Z	Z74
RA00.0	U07.0
RA01.0	U07.1
RA01.1	U07.2
RA02	U09.9
RA03	U10
